"","indicator_data_id","indicator_id","name","Measure","geo_type_name","geo_entity_id","geo_entity_name","year_description","data_valuemessage"
"3",130730,646,"Air Toxics Concentrations- Average Benzene Concentrations","Average Concentration","Borough",3,"Manhattan","2005","4.7"
"6",130727,646,"Air Toxics Concentrations- Average Benzene Concentrations","Average Concentration","Citywide",1,"New York City","2005","2.9"
"25",130703,646,"Air Toxics Concentrations- Average Benzene Concentrations","Average Concentration","UHF42",301,"Washington Heights","2005","4.1"
"26",130704,646,"Air Toxics Concentrations- Average Benzene Concentrations","Average Concentration","UHF42",302,"Central Harlem - Morningside Heights","2005","3.9"
"27",130705,646,"Air Toxics Concentrations- Average Benzene Concentrations","Average Concentration","UHF42",303,"East Harlem","2005","4.2"
"28",130706,646,"Air Toxics Concentrations- Average Benzene Concentrations","Average Concentration","UHF42",304,"Upper West Side","2005","3.9"
"29",130707,646,"Air Toxics Concentrations- Average Benzene Concentrations","Average Concentration","UHF42",305,"Upper East Side","2005","4.5"
"30",130708,646,"Air Toxics Concentrations- Average Benzene Concentrations","Average Concentration","UHF42",306,"Chelsea - Clinton","2005","4.9"
"31",130709,646,"Air Toxics Concentrations- Average Benzene Concentrations","Average Concentration","UHF42",307,"Gramercy Park - Murray Hill","2005","5.3"
"32",130710,646,"Air Toxics Concentrations- Average Benzene Concentrations","Average Concentration","UHF42",308,"Greenwich Village - SoHo","2005","4.7"
"33",130711,646,"Air Toxics Concentrations- Average Benzene Concentrations","Average Concentration","UHF42",309,"Union Square - Lower East Side","2005","5"
"34",130712,646,"Air Toxics Concentrations- Average Benzene Concentrations","Average Concentration","UHF42",310,"Lower Manhattan","2005","6.3"
"51",130778,647,"Air Toxics Concentrations- Average Formaldehyde Concentrations","Average Concentration","Borough",3,"Manhattan","2005","4.3"
"54",130775,647,"Air Toxics Concentrations- Average Formaldehyde Concentrations","Average Concentration","Citywide",1,"New York City","2005","3.2"
"73",130751,647,"Air Toxics Concentrations- Average Formaldehyde Concentrations","Average Concentration","UHF42",301,"Washington Heights","2005","3.9"
"74",130752,647,"Air Toxics Concentrations- Average Formaldehyde Concentrations","Average Concentration","UHF42",302,"Central Harlem - Morningside Heights","2005","4.2"
"75",130753,647,"Air Toxics Concentrations- Average Formaldehyde Concentrations","Average Concentration","UHF42",303,"East Harlem","2005","4.2"
"76",130754,647,"Air Toxics Concentrations- Average Formaldehyde Concentrations","Average Concentration","UHF42",304,"Upper West Side","2005","4"
"77",130755,647,"Air Toxics Concentrations- Average Formaldehyde Concentrations","Average Concentration","UHF42",305,"Upper East Side","2005","4.5"
"78",130756,647,"Air Toxics Concentrations- Average Formaldehyde Concentrations","Average Concentration","UHF42",306,"Chelsea - Clinton","2005","4.6"
"79",130757,647,"Air Toxics Concentrations- Average Formaldehyde Concentrations","Average Concentration","UHF42",307,"Gramercy Park - Murray Hill","2005","5.3"
"80",130758,647,"Air Toxics Concentrations- Average Formaldehyde Concentrations","Average Concentration","UHF42",308,"Greenwich Village - SoHo","2005","4"
"81",130759,647,"Air Toxics Concentrations- Average Formaldehyde Concentrations","Average Concentration","UHF42",309,"Union Square - Lower East Side","2005","4"
"82",130760,647,"Air Toxics Concentrations- Average Formaldehyde Concentrations","Average Concentration","UHF42",310,"Lower Manhattan","2005","4.2"
"99",130538,642,"Boiler Emissions- Total NOx Emissions","Per km2","Borough",3,"Manhattan","2013","161.1"
"102",130535,642,"Boiler Emissions- Total NOx Emissions","Per km2","Citywide",1,"New York City","2013","29.4"
"121",130511,642,"Boiler Emissions- Total NOx Emissions","Per km2","UHF42",301,"Washington Heights","2013","115.3"
"122",130512,642,"Boiler Emissions- Total NOx Emissions","Per km2","UHF42",302,"Central Harlem - Morningside Heights","2013","82.1"
"123",130513,642,"Boiler Emissions- Total NOx Emissions","Per km2","UHF42",303,"East Harlem","2013","55.8"
"124",130514,642,"Boiler Emissions- Total NOx Emissions","Per km2","UHF42",304,"Upper West Side","2013","247.9"
"125",130515,642,"Boiler Emissions- Total NOx Emissions","Per km2","UHF42",305,"Upper East Side","2013","269.8"
"126",130516,642,"Boiler Emissions- Total NOx Emissions","Per km2","UHF42",306,"Chelsea - Clinton","2013","204.8"
"127",130517,642,"Boiler Emissions- Total NOx Emissions","Per km2","UHF42",307,"Gramercy Park - Murray Hill","2013","284.7"
"128",130518,642,"Boiler Emissions- Total NOx Emissions","Per km2","UHF42",308,"Greenwich Village - SoHo","2013","132.5"
"129",130519,642,"Boiler Emissions- Total NOx Emissions","Per km2","UHF42",309,"Union Square - Lower East Side","2013","126.1"
"130",130520,642,"Boiler Emissions- Total NOx Emissions","Per km2","UHF42",310,"Lower Manhattan","2013","118.7"
"147",130490,641,"Boiler Emissions- Total PM2.5 Emissions","Per km2","Borough",3,"Manhattan","2013","5.9"
"150",130487,641,"Boiler Emissions- Total PM2.5 Emissions","Per km2","Citywide",1,"New York City","2013","0.7"
"169",130463,641,"Boiler Emissions- Total PM2.5 Emissions","Per km2","UHF42",301,"Washington Heights","2013","5.8"
"170",130464,641,"Boiler Emissions- Total PM2.5 Emissions","Per km2","UHF42",302,"Central Harlem - Morningside Heights","2013","2"
"171",130465,641,"Boiler Emissions- Total PM2.5 Emissions","Per km2","UHF42",303,"East Harlem","2013","1.3"
"172",130466,641,"Boiler Emissions- Total PM2.5 Emissions","Per km2","UHF42",304,"Upper West Side","2013","11.4"
"173",130467,641,"Boiler Emissions- Total PM2.5 Emissions","Per km2","UHF42",305,"Upper East Side","2013","10.8"
"174",130468,641,"Boiler Emissions- Total PM2.5 Emissions","Per km2","UHF42",306,"Chelsea - Clinton","2013","7.7"
"175",130469,641,"Boiler Emissions- Total PM2.5 Emissions","Per km2","UHF42",307,"Gramercy Park - Murray Hill","2013","9"
"176",130470,641,"Boiler Emissions- Total PM2.5 Emissions","Per km2","UHF42",308,"Greenwich Village - SoHo","2013","4.1"
"177",130471,641,"Boiler Emissions- Total PM2.5 Emissions","Per km2","UHF42",309,"Union Square - Lower East Side","2013","3"
"178",130472,641,"Boiler Emissions- Total PM2.5 Emissions","Per km2","UHF42",310,"Lower Manhattan","2013","1.7"
"195",130442,640,"Boiler Emissions- Total SO2 Emissions","Per km2","Borough",3,"Manhattan","2013","50.6"
"198",130439,640,"Boiler Emissions- Total SO2 Emissions","Per km2","Citywide",1,"New York City","2013","6.1"
"217",130415,640,"Boiler Emissions- Total SO2 Emissions","Per km2","UHF42",301,"Washington Heights","2013","51"
"218",130416,640,"Boiler Emissions- Total SO2 Emissions","Per km2","UHF42",302,"Central Harlem - Morningside Heights","2013","15.7"
"219",130417,640,"Boiler Emissions- Total SO2 Emissions","Per km2","UHF42",303,"East Harlem","2013","11.6"
"220",130418,640,"Boiler Emissions- Total SO2 Emissions","Per km2","UHF42",304,"Upper West Side","2013","99.7"
"221",130419,640,"Boiler Emissions- Total SO2 Emissions","Per km2","UHF42",305,"Upper East Side","2013","95"
"222",130420,640,"Boiler Emissions- Total SO2 Emissions","Per km2","UHF42",306,"Chelsea - Clinton","2013","67.4"
"223",130421,640,"Boiler Emissions- Total SO2 Emissions","Per km2","UHF42",307,"Gramercy Park - Murray Hill","2013","78.8"
"224",130422,640,"Boiler Emissions- Total SO2 Emissions","Per km2","UHF42",308,"Greenwich Village - SoHo","2013","32.9"
"225",130423,640,"Boiler Emissions- Total SO2 Emissions","Per km2","UHF42",309,"Union Square - Lower East Side","2013","24.9"
"226",130424,640,"Boiler Emissions- Total SO2 Emissions","Per km2","UHF42",310,"Lower Manhattan","2013","13.7"
"243",131696,663,"Neighborhood Air Quality Concentrations- Elemental Carbon (EC)","Average Concentration","Borough",3,"Manhattan","Annual Average 2009-2010","1.5"
"246",131693,663,"Neighborhood Air Quality Concentrations- Elemental Carbon (EC)","Average Concentration","Citywide",1,"New York City","Annual Average 2009-2010","1.2"
"265",131669,663,"Neighborhood Air Quality Concentrations- Elemental Carbon (EC)","Average Concentration","UHF42",301,"Washington Heights","Annual Average 2009-2010","1.4"
"266",131670,663,"Neighborhood Air Quality Concentrations- Elemental Carbon (EC)","Average Concentration","UHF42",302,"Central Harlem - Morningside Heights","Annual Average 2009-2010","1.3"
"267",131671,663,"Neighborhood Air Quality Concentrations- Elemental Carbon (EC)","Average Concentration","UHF42",303,"East Harlem","Annual Average 2009-2010","1.4"
"268",131672,663,"Neighborhood Air Quality Concentrations- Elemental Carbon (EC)","Average Concentration","UHF42",304,"Upper West Side","Annual Average 2009-2010","1.3"
"269",131673,663,"Neighborhood Air Quality Concentrations- Elemental Carbon (EC)","Average Concentration","UHF42",305,"Upper East Side","Annual Average 2009-2010","1.5"
"270",131674,663,"Neighborhood Air Quality Concentrations- Elemental Carbon (EC)","Average Concentration","UHF42",306,"Chelsea - Clinton","Annual Average 2009-2010","1.8"
"271",131675,663,"Neighborhood Air Quality Concentrations- Elemental Carbon (EC)","Average Concentration","UHF42",307,"Gramercy Park - Murray Hill","Annual Average 2009-2010","1.8"
"272",131676,663,"Neighborhood Air Quality Concentrations- Elemental Carbon (EC)","Average Concentration","UHF42",308,"Greenwich Village - SoHo","Annual Average 2009-2010","1.8"
"273",131677,663,"Neighborhood Air Quality Concentrations- Elemental Carbon (EC)","Average Concentration","UHF42",309,"Union Square - Lower East Side","Annual Average 2009-2010","1.6"
"274",131678,663,"Neighborhood Air Quality Concentrations- Elemental Carbon (EC)","Average Concentration","UHF42",310,"Lower Manhattan","Annual Average 2009-2010","1.5"
"291",131648,662,"Neighborhood Air Quality Concentrations- Fine Particulate Matter (PM2.5)","Average Concentration","Borough",3,"Manhattan","Annual Average 2009-2010","12.4"
"294",131645,662,"Neighborhood Air Quality Concentrations- Fine Particulate Matter (PM2.5)","Average Concentration","Citywide",1,"New York City","Annual Average 2009-2010","10.6"
"313",131621,662,"Neighborhood Air Quality Concentrations- Fine Particulate Matter (PM2.5)","Average Concentration","UHF42",301,"Washington Heights","Annual Average 2009-2010","11.7"
"314",131622,662,"Neighborhood Air Quality Concentrations- Fine Particulate Matter (PM2.5)","Average Concentration","UHF42",302,"Central Harlem - Morningside Heights","Annual Average 2009-2010","10.8"
"315",131623,662,"Neighborhood Air Quality Concentrations- Fine Particulate Matter (PM2.5)","Average Concentration","UHF42",303,"East Harlem","Annual Average 2009-2010","10.6"
"316",131624,662,"Neighborhood Air Quality Concentrations- Fine Particulate Matter (PM2.5)","Average Concentration","UHF42",304,"Upper West Side","Annual Average 2009-2010","11.8"
"317",131625,662,"Neighborhood Air Quality Concentrations- Fine Particulate Matter (PM2.5)","Average Concentration","UHF42",305,"Upper East Side","Annual Average 2009-2010","12.7"
"318",131626,662,"Neighborhood Air Quality Concentrations- Fine Particulate Matter (PM2.5)","Average Concentration","UHF42",306,"Chelsea - Clinton","Annual Average 2009-2010","14"
"319",131627,662,"Neighborhood Air Quality Concentrations- Fine Particulate Matter (PM2.5)","Average Concentration","UHF42",307,"Gramercy Park - Murray Hill","Annual Average 2009-2010","14.9"
"320",131628,662,"Neighborhood Air Quality Concentrations- Fine Particulate Matter (PM2.5)","Average Concentration","UHF42",308,"Greenwich Village - SoHo","Annual Average 2009-2010","12.6"
"321",131629,662,"Neighborhood Air Quality Concentrations- Fine Particulate Matter (PM2.5)","Average Concentration","UHF42",309,"Union Square - Lower East Side","Annual Average 2009-2010","12.4"
"322",131630,662,"Neighborhood Air Quality Concentrations- Fine Particulate Matter (PM2.5)","Average Concentration","UHF42",310,"Lower Manhattan","Annual Average 2009-2010","12.3"
"339",131744,664,"Neighborhood Air Quality Concentrations- Nitric Oxide (NO)","Average Concentration","Borough",3,"Manhattan","Annual Average 2009-2010","40.3"
"342",131741,664,"Neighborhood Air Quality Concentrations- Nitric Oxide (NO)","Average Concentration","Citywide",1,"New York City","Annual Average 2009-2010","27.1"
"361",131717,664,"Neighborhood Air Quality Concentrations- Nitric Oxide (NO)","Average Concentration","UHF42",301,"Washington Heights","Annual Average 2009-2010","36.4"
"362",131718,664,"Neighborhood Air Quality Concentrations- Nitric Oxide (NO)","Average Concentration","UHF42",302,"Central Harlem - Morningside Heights","Annual Average 2009-2010","27.2"
"363",131719,664,"Neighborhood Air Quality Concentrations- Nitric Oxide (NO)","Average Concentration","UHF42",303,"East Harlem","Annual Average 2009-2010","27.1"
"364",131720,664,"Neighborhood Air Quality Concentrations- Nitric Oxide (NO)","Average Concentration","UHF42",304,"Upper West Side","Annual Average 2009-2010","37.8"
"365",131721,664,"Neighborhood Air Quality Concentrations- Nitric Oxide (NO)","Average Concentration","UHF42",305,"Upper East Side","Annual Average 2009-2010","44.6"
"366",131722,664,"Neighborhood Air Quality Concentrations- Nitric Oxide (NO)","Average Concentration","UHF42",306,"Chelsea - Clinton","Annual Average 2009-2010","53.6"
"367",131723,664,"Neighborhood Air Quality Concentrations- Nitric Oxide (NO)","Average Concentration","UHF42",307,"Gramercy Park - Murray Hill","Annual Average 2009-2010","52.4"
"368",131724,664,"Neighborhood Air Quality Concentrations- Nitric Oxide (NO)","Average Concentration","UHF42",308,"Greenwich Village - SoHo","Annual Average 2009-2010","49.6"
"369",131725,664,"Neighborhood Air Quality Concentrations- Nitric Oxide (NO)","Average Concentration","UHF42",309,"Union Square - Lower East Side","Annual Average 2009-2010","39.7"
"370",131726,664,"Neighborhood Air Quality Concentrations- Nitric Oxide (NO)","Average Concentration","UHF42",310,"Lower Manhattan","Annual Average 2009-2010","34.6"
"387",131792,665,"Neighborhood Air Quality Concentrations- Nitrogen Dioxide (NO2)","Average Concentration","Borough",3,"Manhattan","Annual Average 2009-2010","32.2"
"390",131789,665,"Neighborhood Air Quality Concentrations- Nitrogen Dioxide (NO2)","Average Concentration","Citywide",1,"New York City","Annual Average 2009-2010","24.8"
"409",131765,665,"Neighborhood Air Quality Concentrations- Nitrogen Dioxide (NO2)","Average Concentration","UHF42",301,"Washington Heights","Annual Average 2009-2010","25.9"
"410",131766,665,"Neighborhood Air Quality Concentrations- Nitrogen Dioxide (NO2)","Average Concentration","UHF42",302,"Central Harlem - Morningside Heights","Annual Average 2009-2010","27.8"
"411",131767,665,"Neighborhood Air Quality Concentrations- Nitrogen Dioxide (NO2)","Average Concentration","UHF42",303,"East Harlem","Annual Average 2009-2010","27.4"
"412",131768,665,"Neighborhood Air Quality Concentrations- Nitrogen Dioxide (NO2)","Average Concentration","UHF42",304,"Upper West Side","Annual Average 2009-2010","29.3"
"413",131769,665,"Neighborhood Air Quality Concentrations- Nitrogen Dioxide (NO2)","Average Concentration","UHF42",305,"Upper East Side","Annual Average 2009-2010","33.2"
"414",131770,665,"Neighborhood Air Quality Concentrations- Nitrogen Dioxide (NO2)","Average Concentration","UHF42",306,"Chelsea - Clinton","Annual Average 2009-2010","38.2"
"415",131771,665,"Neighborhood Air Quality Concentrations- Nitrogen Dioxide (NO2)","Average Concentration","UHF42",307,"Gramercy Park - Murray Hill","Annual Average 2009-2010","41.8"
"416",131772,665,"Neighborhood Air Quality Concentrations- Nitrogen Dioxide (NO2)","Average Concentration","UHF42",308,"Greenwich Village - SoHo","Annual Average 2009-2010","32.6"
"417",131773,665,"Neighborhood Air Quality Concentrations- Nitrogen Dioxide (NO2)","Average Concentration","UHF42",309,"Union Square - Lower East Side","Annual Average 2009-2010","30.7"
"418",131774,665,"Neighborhood Air Quality Concentrations- Nitrogen Dioxide (NO2)","Average Concentration","UHF42",310,"Lower Manhattan","Annual Average 2009-2010","34.8"
"435",131840,666,"Neighborhood Air Quality Concentrations- Ozone (O3)","Average Concentration","Borough",3,"Manhattan","Annual Average 2009-2010","23.5"
"438",131837,666,"Neighborhood Air Quality Concentrations- Ozone (O3)","Average Concentration","Citywide",1,"New York City","Annual Average 2009-2010","27"
"457",131813,666,"Neighborhood Air Quality Concentrations- Ozone (O3)","Average Concentration","UHF42",301,"Washington Heights","Annual Average 2009-2010","25.9"
"458",131814,666,"Neighborhood Air Quality Concentrations- Ozone (O3)","Average Concentration","UHF42",302,"Central Harlem - Morningside Heights","Annual Average 2009-2010","25.4"
"459",131815,666,"Neighborhood Air Quality Concentrations- Ozone (O3)","Average Concentration","UHF42",303,"East Harlem","Annual Average 2009-2010","25.7"
"460",131816,666,"Neighborhood Air Quality Concentrations- Ozone (O3)","Average Concentration","UHF42",304,"Upper West Side","Annual Average 2009-2010","24.4"
"461",131817,666,"Neighborhood Air Quality Concentrations- Ozone (O3)","Average Concentration","UHF42",305,"Upper East Side","Annual Average 2009-2010","23"
"462",131818,666,"Neighborhood Air Quality Concentrations- Ozone (O3)","Average Concentration","UHF42",306,"Chelsea - Clinton","Annual Average 2009-2010","21.3"
"463",131819,666,"Neighborhood Air Quality Concentrations- Ozone (O3)","Average Concentration","UHF42",307,"Gramercy Park - Murray Hill","Annual Average 2009-2010","19.3"
"464",131820,666,"Neighborhood Air Quality Concentrations- Ozone (O3)","Average Concentration","UHF42",308,"Greenwich Village - SoHo","Annual Average 2009-2010","23.8"
"465",131821,666,"Neighborhood Air Quality Concentrations- Ozone (O3)","Average Concentration","UHF42",309,"Union Square - Lower East Side","Annual Average 2009-2010","23.9"
"466",131822,666,"Neighborhood Air Quality Concentrations- Ozone (O3)","Average Concentration","UHF42",310,"Lower Manhattan","Annual Average 2009-2010","22.7"
"483",134824,667,"Neighborhood Air Quality Concentrations: Sulfur Dioxide (SO2)","Average Concentration","Borough",3,"Manhattan","2-Year Winter Average 2009-2010","7.1"
"486",134821,667,"Neighborhood Air Quality Concentrations: Sulfur Dioxide (SO2)","Average Concentration","Citywide",1,"New York City","2-Year Winter Average 2009-2010","4.7"
"505",134797,667,"Neighborhood Air Quality Concentrations: Sulfur Dioxide (SO2)","Average Concentration","UHF42",301,"Washington Heights","2-Year Winter Average 2009-2010","9.1"
"506",134798,667,"Neighborhood Air Quality Concentrations: Sulfur Dioxide (SO2)","Average Concentration","UHF42",302,"Central Harlem - Morningside Heights","2-Year Winter Average 2009-2010","6.7"
"507",134799,667,"Neighborhood Air Quality Concentrations: Sulfur Dioxide (SO2)","Average Concentration","UHF42",303,"East Harlem","2-Year Winter Average 2009-2010","6.7"
"508",134800,667,"Neighborhood Air Quality Concentrations: Sulfur Dioxide (SO2)","Average Concentration","UHF42",304,"Upper West Side","2-Year Winter Average 2009-2010","8.2"
"509",134801,667,"Neighborhood Air Quality Concentrations: Sulfur Dioxide (SO2)","Average Concentration","UHF42",305,"Upper East Side","2-Year Winter Average 2009-2010","10.3"
"510",134802,667,"Neighborhood Air Quality Concentrations: Sulfur Dioxide (SO2)","Average Concentration","UHF42",306,"Chelsea - Clinton","2-Year Winter Average 2009-2010","6.1"
"511",134803,667,"Neighborhood Air Quality Concentrations: Sulfur Dioxide (SO2)","Average Concentration","UHF42",307,"Gramercy Park - Murray Hill","2-Year Winter Average 2009-2010","8.5"
"512",134804,667,"Neighborhood Air Quality Concentrations: Sulfur Dioxide (SO2)","Average Concentration","UHF42",308,"Greenwich Village - SoHo","2-Year Winter Average 2009-2010","5.7"
"513",134805,667,"Neighborhood Air Quality Concentrations: Sulfur Dioxide (SO2)","Average Concentration","UHF42",309,"Union Square - Lower East Side","2-Year Winter Average 2009-2010","6.4"
"514",134806,667,"Neighborhood Air Quality Concentrations: Sulfur Dioxide (SO2)","Average Concentration","UHF42",310,"Lower Manhattan","2-Year Winter Average 2009-2010","3.6"
"537",131312,659,"O3-Attributable Asthma ED Visits","Rate- 18 Yrs and Older","Borough",3,"Manhattan","2005-2007","43.8"
"538",131312,659,"O3-Attributable Asthma ED Visits","Rate- 18 Yrs and Older","Borough",3,"Manhattan","2005-2007","43.8"
"539",131072,653,"O3-Attributable Asthma ED Visits","Rate- Children 0 to 17 Yrs Old","Borough",3,"Manhattan","2005-2007","120.1"
"540",131072,653,"O3-Attributable Asthma ED Visits","Rate- Children 0 to 17 Yrs Old","Borough",3,"Manhattan","2005-2007","120.1"
"557",151524,659,"O3-Attributable Asthma ED Visits","Rate- 18 Yrs and Older","Borough",3,"Manhattan","2009-2011","43.2"
"558",151524,659,"O3-Attributable Asthma ED Visits","Rate- 18 Yrs and Older","Borough",3,"Manhattan","2009-2011","43.2"
"559",151476,653,"O3-Attributable Asthma ED Visits","Rate- Children 0 to 17 Yrs Old","Borough",3,"Manhattan","2009-2011","135.7"
"560",151476,653,"O3-Attributable Asthma ED Visits","Rate- Children 0 to 17 Yrs Old","Borough",3,"Manhattan","2009-2011","135.7"
"569",131309,659,"O3-Attributable Asthma ED Visits","Rate- 18 Yrs and Older","Citywide",1,"New York City","2005-2007","45.4"
"570",131309,659,"O3-Attributable Asthma ED Visits","Rate- 18 Yrs and Older","Citywide",1,"New York City","2005-2007","45.4"
"571",131069,653,"O3-Attributable Asthma ED Visits","Rate- Children 0 to 17 Yrs Old","Citywide",1,"New York City","2005-2007","91.3"
"572",131069,653,"O3-Attributable Asthma ED Visits","Rate- Children 0 to 17 Yrs Old","Citywide",1,"New York City","2005-2007","91.3"
"573",151521,659,"O3-Attributable Asthma ED Visits","Rate- 18 Yrs and Older","Citywide",1,"New York City","2009-2011","47.4"
"574",151521,659,"O3-Attributable Asthma ED Visits","Rate- 18 Yrs and Older","Citywide",1,"New York City","2009-2011","47.4"
"575",151473,653,"O3-Attributable Asthma ED Visits","Rate- Children 0 to 17 Yrs Old","Citywide",1,"New York City","2009-2011","108.6"
"576",151473,653,"O3-Attributable Asthma ED Visits","Rate- Children 0 to 17 Yrs Old","Citywide",1,"New York City","2009-2011","108.6"
"649",131285,659,"O3-Attributable Asthma ED Visits","Rate- 18 Yrs and Older","UHF42",301,"Washington Heights","2005-2007","46.8"
"650",131285,659,"O3-Attributable Asthma ED Visits","Rate- 18 Yrs and Older","UHF42",301,"Washington Heights","2005-2007","46.8"
"651",131045,653,"O3-Attributable Asthma ED Visits","Rate- Children 0 to 17 Yrs Old","UHF42",301,"Washington Heights","2005-2007","110.4"
"652",131045,653,"O3-Attributable Asthma ED Visits","Rate- Children 0 to 17 Yrs Old","UHF42",301,"Washington Heights","2005-2007","110.4"
"653",131286,659,"O3-Attributable Asthma ED Visits","Rate- 18 Yrs and Older","UHF42",302,"Central Harlem - Morningside Heights","2005-2007","156.1"
"654",131286,659,"O3-Attributable Asthma ED Visits","Rate- 18 Yrs and Older","UHF42",302,"Central Harlem - Morningside Heights","2005-2007","156.1"
"655",131046,653,"O3-Attributable Asthma ED Visits","Rate- Children 0 to 17 Yrs Old","UHF42",302,"Central Harlem - Morningside Heights","2005-2007","292.5"
"656",131046,653,"O3-Attributable Asthma ED Visits","Rate- Children 0 to 17 Yrs Old","UHF42",302,"Central Harlem - Morningside Heights","2005-2007","292.5"
"657",131287,659,"O3-Attributable Asthma ED Visits","Rate- 18 Yrs and Older","UHF42",303,"East Harlem","2005-2007","143.9"
"658",131287,659,"O3-Attributable Asthma ED Visits","Rate- 18 Yrs and Older","UHF42",303,"East Harlem","2005-2007","143.9"
"659",131047,653,"O3-Attributable Asthma ED Visits","Rate- Children 0 to 17 Yrs Old","UHF42",303,"East Harlem","2005-2007","224.8"
"660",131047,653,"O3-Attributable Asthma ED Visits","Rate- Children 0 to 17 Yrs Old","UHF42",303,"East Harlem","2005-2007","224.8"
"661",131288,659,"O3-Attributable Asthma ED Visits","Rate- 18 Yrs and Older","UHF42",304,"Upper West Side","2005-2007","24.3"
"662",131288,659,"O3-Attributable Asthma ED Visits","Rate- 18 Yrs and Older","UHF42",304,"Upper West Side","2005-2007","24.3"
"663",131048,653,"O3-Attributable Asthma ED Visits","Rate- Children 0 to 17 Yrs Old","UHF42",304,"Upper West Side","2005-2007","80.5"
"664",131048,653,"O3-Attributable Asthma ED Visits","Rate- Children 0 to 17 Yrs Old","UHF42",304,"Upper West Side","2005-2007","80.5"
"665",131289,659,"O3-Attributable Asthma ED Visits","Rate- 18 Yrs and Older","UHF42",305,"Upper East Side","2005-2007","8.5"
"666",131289,659,"O3-Attributable Asthma ED Visits","Rate- 18 Yrs and Older","UHF42",305,"Upper East Side","2005-2007","8.5"
"667",131049,653,"O3-Attributable Asthma ED Visits","Rate- Children 0 to 17 Yrs Old","UHF42",305,"Upper East Side","2005-2007","30"
"668",131049,653,"O3-Attributable Asthma ED Visits","Rate- Children 0 to 17 Yrs Old","UHF42",305,"Upper East Side","2005-2007","30"
"669",131290,659,"O3-Attributable Asthma ED Visits","Rate- 18 Yrs and Older","UHF42",306,"Chelsea - Clinton","2005-2007","28.6"
"670",131290,659,"O3-Attributable Asthma ED Visits","Rate- 18 Yrs and Older","UHF42",306,"Chelsea - Clinton","2005-2007","28.6"
"671",131050,653,"O3-Attributable Asthma ED Visits","Rate- Children 0 to 17 Yrs Old","UHF42",306,"Chelsea - Clinton","2005-2007","97.8"
"672",131050,653,"O3-Attributable Asthma ED Visits","Rate- Children 0 to 17 Yrs Old","UHF42",306,"Chelsea - Clinton","2005-2007","97.8"
"673",131291,659,"O3-Attributable Asthma ED Visits","Rate- 18 Yrs and Older","UHF42",307,"Gramercy Park - Murray Hill","2005-2007","19.6"
"674",131291,659,"O3-Attributable Asthma ED Visits","Rate- 18 Yrs and Older","UHF42",307,"Gramercy Park - Murray Hill","2005-2007","19.6"
"675",131051,653,"O3-Attributable Asthma ED Visits","Rate- Children 0 to 17 Yrs Old","UHF42",307,"Gramercy Park - Murray Hill","2005-2007","42.4"
"676",131051,653,"O3-Attributable Asthma ED Visits","Rate- Children 0 to 17 Yrs Old","UHF42",307,"Gramercy Park - Murray Hill","2005-2007","42.4"
"677",131292,659,"O3-Attributable Asthma ED Visits","Rate- 18 Yrs and Older","UHF42",308,"Greenwich Village - SoHo","2005-2007","9.1"
"678",131292,659,"O3-Attributable Asthma ED Visits","Rate- 18 Yrs and Older","UHF42",308,"Greenwich Village - SoHo","2005-2007","9.1"
"679",131052,653,"O3-Attributable Asthma ED Visits","Rate- Children 0 to 17 Yrs Old","UHF42",308,"Greenwich Village - SoHo","2005-2007","19.9"
"680",131052,653,"O3-Attributable Asthma ED Visits","Rate- Children 0 to 17 Yrs Old","UHF42",308,"Greenwich Village - SoHo","2005-2007","19.9"
"681",131293,659,"O3-Attributable Asthma ED Visits","Rate- 18 Yrs and Older","UHF42",309,"Union Square - Lower East Side","2005-2007","35"
"682",131293,659,"O3-Attributable Asthma ED Visits","Rate- 18 Yrs and Older","UHF42",309,"Union Square - Lower East Side","2005-2007","35"
"683",131053,653,"O3-Attributable Asthma ED Visits","Rate- Children 0 to 17 Yrs Old","UHF42",309,"Union Square - Lower East Side","2005-2007","85.8"
"684",131053,653,"O3-Attributable Asthma ED Visits","Rate- Children 0 to 17 Yrs Old","UHF42",309,"Union Square - Lower East Side","2005-2007","85.8"
"685",131294,659,"O3-Attributable Asthma ED Visits","Rate- 18 Yrs and Older","UHF42",310,"Lower Manhattan","2005-2007","26.9"
"686",131294,659,"O3-Attributable Asthma ED Visits","Rate- 18 Yrs and Older","UHF42",310,"Lower Manhattan","2005-2007","26.9"
"687",131054,653,"O3-Attributable Asthma ED Visits","Rate- Children 0 to 17 Yrs Old","UHF42",310,"Lower Manhattan","2005-2007","57.2"
"688",131054,653,"O3-Attributable Asthma ED Visits","Rate- Children 0 to 17 Yrs Old","UHF42",310,"Lower Manhattan","2005-2007","57.2"
"817",151497,659,"O3-Attributable Asthma ED Visits","Rate- 18 Yrs and Older","UHF42",301,"Washington Heights","2009-2011","41.7"
"818",151497,659,"O3-Attributable Asthma ED Visits","Rate- 18 Yrs and Older","UHF42",301,"Washington Heights","2009-2011","41.7"
"819",151449,653,"O3-Attributable Asthma ED Visits","Rate- Children 0 to 17 Yrs Old","UHF42",301,"Washington Heights","2009-2011","130.2"
"820",151449,653,"O3-Attributable Asthma ED Visits","Rate- Children 0 to 17 Yrs Old","UHF42",301,"Washington Heights","2009-2011","130.2"
"821",151498,659,"O3-Attributable Asthma ED Visits","Rate- 18 Yrs and Older","UHF42",302,"Central Harlem - Morningside Heights","2009-2011","130.4"
"822",151498,659,"O3-Attributable Asthma ED Visits","Rate- 18 Yrs and Older","UHF42",302,"Central Harlem - Morningside Heights","2009-2011","130.4"
"823",151450,653,"O3-Attributable Asthma ED Visits","Rate- Children 0 to 17 Yrs Old","UHF42",302,"Central Harlem - Morningside Heights","2009-2011","269.9"
"824",151450,653,"O3-Attributable Asthma ED Visits","Rate- Children 0 to 17 Yrs Old","UHF42",302,"Central Harlem - Morningside Heights","2009-2011","269.9"
"825",151499,659,"O3-Attributable Asthma ED Visits","Rate- 18 Yrs and Older","UHF42",303,"East Harlem","2009-2011","135.2"
"826",151499,659,"O3-Attributable Asthma ED Visits","Rate- 18 Yrs and Older","UHF42",303,"East Harlem","2009-2011","135.2"
"827",151451,653,"O3-Attributable Asthma ED Visits","Rate- Children 0 to 17 Yrs Old","UHF42",303,"East Harlem","2009-2011","276"
"828",151451,653,"O3-Attributable Asthma ED Visits","Rate- Children 0 to 17 Yrs Old","UHF42",303,"East Harlem","2009-2011","276"
"829",151500,659,"O3-Attributable Asthma ED Visits","Rate- 18 Yrs and Older","UHF42",304,"Upper West Side","2009-2011","24.1"
"830",151500,659,"O3-Attributable Asthma ED Visits","Rate- 18 Yrs and Older","UHF42",304,"Upper West Side","2009-2011","24.1"
"831",151452,653,"O3-Attributable Asthma ED Visits","Rate- Children 0 to 17 Yrs Old","UHF42",304,"Upper West Side","2009-2011","69.8"
"832",151452,653,"O3-Attributable Asthma ED Visits","Rate- Children 0 to 17 Yrs Old","UHF42",304,"Upper West Side","2009-2011","69.8"
"833",151501,659,"O3-Attributable Asthma ED Visits","Rate- 18 Yrs and Older","UHF42",305,"Upper East Side","2009-2011","9.3"
"834",151501,659,"O3-Attributable Asthma ED Visits","Rate- 18 Yrs and Older","UHF42",305,"Upper East Side","2009-2011","9.3"
"835",151453,653,"O3-Attributable Asthma ED Visits","Rate- Children 0 to 17 Yrs Old","UHF42",305,"Upper East Side","2009-2011","35.4"
"836",151453,653,"O3-Attributable Asthma ED Visits","Rate- Children 0 to 17 Yrs Old","UHF42",305,"Upper East Side","2009-2011","35.4"
"837",151502,659,"O3-Attributable Asthma ED Visits","Rate- 18 Yrs and Older","UHF42",306,"Chelsea - Clinton","2009-2011","24.6"
"838",151502,659,"O3-Attributable Asthma ED Visits","Rate- 18 Yrs and Older","UHF42",306,"Chelsea - Clinton","2009-2011","24.6"
"839",151454,653,"O3-Attributable Asthma ED Visits","Rate- Children 0 to 17 Yrs Old","UHF42",306,"Chelsea - Clinton","2009-2011","91.6"
"840",151454,653,"O3-Attributable Asthma ED Visits","Rate- Children 0 to 17 Yrs Old","UHF42",306,"Chelsea - Clinton","2009-2011","91.6"
"841",151503,659,"O3-Attributable Asthma ED Visits","Rate- 18 Yrs and Older","UHF42",307,"Gramercy Park - Murray Hill","2009-2011","19.6"
"842",151503,659,"O3-Attributable Asthma ED Visits","Rate- 18 Yrs and Older","UHF42",307,"Gramercy Park - Murray Hill","2009-2011","19.6"
"843",151455,653,"O3-Attributable Asthma ED Visits","Rate- Children 0 to 17 Yrs Old","UHF42",307,"Gramercy Park - Murray Hill","2009-2011","70"
"844",151455,653,"O3-Attributable Asthma ED Visits","Rate- Children 0 to 17 Yrs Old","UHF42",307,"Gramercy Park - Murray Hill","2009-2011","70"
"845",151504,659,"O3-Attributable Asthma ED Visits","Rate- 18 Yrs and Older","UHF42",308,"Greenwich Village - SoHo","2009-2011","8.9"
"846",151504,659,"O3-Attributable Asthma ED Visits","Rate- 18 Yrs and Older","UHF42",308,"Greenwich Village - SoHo","2009-2011","8.9"
"847",151456,653,"O3-Attributable Asthma ED Visits","Rate- Children 0 to 17 Yrs Old","UHF42",308,"Greenwich Village - SoHo","2009-2011","24.2"
"848",151456,653,"O3-Attributable Asthma ED Visits","Rate- Children 0 to 17 Yrs Old","UHF42",308,"Greenwich Village - SoHo","2009-2011","24.2"
"849",151505,659,"O3-Attributable Asthma ED Visits","Rate- 18 Yrs and Older","UHF42",309,"Union Square - Lower East Side","2009-2011","42.5"
"850",151505,659,"O3-Attributable Asthma ED Visits","Rate- 18 Yrs and Older","UHF42",309,"Union Square - Lower East Side","2009-2011","42.5"
"851",151457,653,"O3-Attributable Asthma ED Visits","Rate- Children 0 to 17 Yrs Old","UHF42",309,"Union Square - Lower East Side","2009-2011","144"
"852",151457,653,"O3-Attributable Asthma ED Visits","Rate- Children 0 to 17 Yrs Old","UHF42",309,"Union Square - Lower East Side","2009-2011","144"
"853",151506,659,"O3-Attributable Asthma ED Visits","Rate- 18 Yrs and Older","UHF42",310,"Lower Manhattan","2009-2011","27"
"854",151506,659,"O3-Attributable Asthma ED Visits","Rate- 18 Yrs and Older","UHF42",310,"Lower Manhattan","2009-2011","27"
"855",151458,653,"O3-Attributable Asthma ED Visits","Rate- Children 0 to 17 Yrs Old","UHF42",310,"Lower Manhattan","2009-2011","56.8"
"856",151458,653,"O3-Attributable Asthma ED Visits","Rate- Children 0 to 17 Yrs Old","UHF42",310,"Lower Manhattan","2009-2011","56.8"
"921",131360,661,"O3-Attributable Asthma Hospitalizations ","Rate- 18 Yrs and Older","Borough",3,"Manhattan","2005-2007","5.5"
"922",131360,661,"O3-Attributable Asthma Hospitalizations ","Rate- 18 Yrs and Older","Borough",3,"Manhattan","2005-2007","5.5"
"923",131168,655,"O3-Attributable Asthma Hospitalizations ","Rate- Children 0 to 17 Yrs Old","Borough",3,"Manhattan","2005-2007","20.1"
"924",131168,655,"O3-Attributable Asthma Hospitalizations ","Rate- Children 0 to 17 Yrs Old","Borough",3,"Manhattan","2005-2007","20.1"
"941",151620,661,"O3-Attributable Asthma Hospitalizations ","Rate- 18 Yrs and Older","Borough",3,"Manhattan","2009-2011","4.9"
"942",151620,661,"O3-Attributable Asthma Hospitalizations ","Rate- 18 Yrs and Older","Borough",3,"Manhattan","2009-2011","4.9"
"943",151572,655,"O3-Attributable Asthma Hospitalizations ","Rate- Children 0 to 17 Yrs Old","Borough",3,"Manhattan","2009-2011","19.9"
"944",151572,655,"O3-Attributable Asthma Hospitalizations ","Rate- Children 0 to 17 Yrs Old","Borough",3,"Manhattan","2009-2011","19.9"
"953",131357,661,"O3-Attributable Asthma Hospitalizations ","Rate- 18 Yrs and Older","Citywide",1,"New York City","2005-2007","7.1"
"954",131357,661,"O3-Attributable Asthma Hospitalizations ","Rate- 18 Yrs and Older","Citywide",1,"New York City","2005-2007","7.1"
"955",131165,655,"O3-Attributable Asthma Hospitalizations ","Rate- Children 0 to 17 Yrs Old","Citywide",1,"New York City","2005-2007","22"
"956",131165,655,"O3-Attributable Asthma Hospitalizations ","Rate- Children 0 to 17 Yrs Old","Citywide",1,"New York City","2005-2007","22"
"957",151617,661,"O3-Attributable Asthma Hospitalizations ","Rate- 18 Yrs and Older","Citywide",1,"New York City","2009-2011","7"
"958",151617,661,"O3-Attributable Asthma Hospitalizations ","Rate- 18 Yrs and Older","Citywide",1,"New York City","2009-2011","7"
"959",151569,655,"O3-Attributable Asthma Hospitalizations ","Rate- Children 0 to 17 Yrs Old","Citywide",1,"New York City","2009-2011","22.7"
"960",151569,655,"O3-Attributable Asthma Hospitalizations ","Rate- Children 0 to 17 Yrs Old","Citywide",1,"New York City","2009-2011","22.7"
"1033",131333,661,"O3-Attributable Asthma Hospitalizations ","Rate- 18 Yrs and Older","UHF42",301,"Washington Heights","2005-2007","6.6"
"1034",131333,661,"O3-Attributable Asthma Hospitalizations ","Rate- 18 Yrs and Older","UHF42",301,"Washington Heights","2005-2007","6.6"
"1035",131141,655,"O3-Attributable Asthma Hospitalizations ","Rate- Children 0 to 17 Yrs Old","UHF42",301,"Washington Heights","2005-2007","12.9"
"1036",131141,655,"O3-Attributable Asthma Hospitalizations ","Rate- Children 0 to 17 Yrs Old","UHF42",301,"Washington Heights","2005-2007","12.9"
"1037",131334,661,"O3-Attributable Asthma Hospitalizations ","Rate- 18 Yrs and Older","UHF42",302,"Central Harlem - Morningside Heights","2005-2007","13.1"
"1038",131334,661,"O3-Attributable Asthma Hospitalizations ","Rate- 18 Yrs and Older","UHF42",302,"Central Harlem - Morningside Heights","2005-2007","13.1"
"1039",131142,655,"O3-Attributable Asthma Hospitalizations ","Rate- Children 0 to 17 Yrs Old","UHF42",302,"Central Harlem - Morningside Heights","2005-2007","41.7"
"1040",131142,655,"O3-Attributable Asthma Hospitalizations ","Rate- Children 0 to 17 Yrs Old","UHF42",302,"Central Harlem - Morningside Heights","2005-2007","41.7"
"1041",131335,661,"O3-Attributable Asthma Hospitalizations ","Rate- 18 Yrs and Older","UHF42",303,"East Harlem","2005-2007","19.5"
"1042",131335,661,"O3-Attributable Asthma Hospitalizations ","Rate- 18 Yrs and Older","UHF42",303,"East Harlem","2005-2007","19.5"
"1043",131143,655,"O3-Attributable Asthma Hospitalizations ","Rate- Children 0 to 17 Yrs Old","UHF42",303,"East Harlem","2005-2007","43.1"
"1044",131143,655,"O3-Attributable Asthma Hospitalizations ","Rate- Children 0 to 17 Yrs Old","UHF42",303,"East Harlem","2005-2007","43.1"
"1045",131336,661,"O3-Attributable Asthma Hospitalizations ","Rate- 18 Yrs and Older","UHF42",304,"Upper West Side","2005-2007","3.2"
"1046",131336,661,"O3-Attributable Asthma Hospitalizations ","Rate- 18 Yrs and Older","UHF42",304,"Upper West Side","2005-2007","3.2"
"1047",131144,655,"O3-Attributable Asthma Hospitalizations ","Rate- Children 0 to 17 Yrs Old","UHF42",304,"Upper West Side","2005-2007","10.6"
"1048",131144,655,"O3-Attributable Asthma Hospitalizations ","Rate- Children 0 to 17 Yrs Old","UHF42",304,"Upper West Side","2005-2007","10.6"
"1049",131337,661,"O3-Attributable Asthma Hospitalizations ","Rate- 18 Yrs and Older","UHF42",305,"Upper East Side","2005-2007","1.4"
"1050",131337,661,"O3-Attributable Asthma Hospitalizations ","Rate- 18 Yrs and Older","UHF42",305,"Upper East Side","2005-2007","1.4"
"1051",131145,655,"O3-Attributable Asthma Hospitalizations ","Rate- Children 0 to 17 Yrs Old","UHF42",305,"Upper East Side","2005-2007","6.5"
"1052",131145,655,"O3-Attributable Asthma Hospitalizations ","Rate- Children 0 to 17 Yrs Old","UHF42",305,"Upper East Side","2005-2007","6.5"
"1053",131338,661,"O3-Attributable Asthma Hospitalizations ","Rate- 18 Yrs and Older","UHF42",306,"Chelsea - Clinton","2005-2007","4.2"
"1054",131338,661,"O3-Attributable Asthma Hospitalizations ","Rate- 18 Yrs and Older","UHF42",306,"Chelsea - Clinton","2005-2007","4.2"
"1055",131146,655,"O3-Attributable Asthma Hospitalizations ","Rate- Children 0 to 17 Yrs Old","UHF42",306,"Chelsea - Clinton","2005-2007","19"
"1056",131146,655,"O3-Attributable Asthma Hospitalizations ","Rate- Children 0 to 17 Yrs Old","UHF42",306,"Chelsea - Clinton","2005-2007","19"
"1057",131339,661,"O3-Attributable Asthma Hospitalizations ","Rate- 18 Yrs and Older","UHF42",307,"Gramercy Park - Murray Hill","2005-2007","3.2"
"1058",131339,661,"O3-Attributable Asthma Hospitalizations ","Rate- 18 Yrs and Older","UHF42",307,"Gramercy Park - Murray Hill","2005-2007","3.2"
"1059",131147,655,"O3-Attributable Asthma Hospitalizations ","Rate- Children 0 to 17 Yrs Old","UHF42",307,"Gramercy Park - Murray Hill","2005-2007","9.1"
"1060",131147,655,"O3-Attributable Asthma Hospitalizations ","Rate- Children 0 to 17 Yrs Old","UHF42",307,"Gramercy Park - Murray Hill","2005-2007","9.1"
"1061",131340,661,"O3-Attributable Asthma Hospitalizations ","Rate- 18 Yrs and Older","UHF42",308,"Greenwich Village - SoHo","2005-2007","1.3"
"1062",131340,661,"O3-Attributable Asthma Hospitalizations ","Rate- 18 Yrs and Older","UHF42",308,"Greenwich Village - SoHo","2005-2007","1.3"
"1063",131148,655,"O3-Attributable Asthma Hospitalizations ","Rate- Children 0 to 17 Yrs Old","UHF42",308,"Greenwich Village - SoHo","2005-2007","6.3"
"1064",131148,655,"O3-Attributable Asthma Hospitalizations ","Rate- Children 0 to 17 Yrs Old","UHF42",308,"Greenwich Village - SoHo","2005-2007","6.3"
"1065",131341,661,"O3-Attributable Asthma Hospitalizations ","Rate- 18 Yrs and Older","UHF42",309,"Union Square - Lower East Side","2005-2007","6.2"
"1066",131341,661,"O3-Attributable Asthma Hospitalizations ","Rate- 18 Yrs and Older","UHF42",309,"Union Square - Lower East Side","2005-2007","6.2"
"1067",131149,655,"O3-Attributable Asthma Hospitalizations ","Rate- Children 0 to 17 Yrs Old","UHF42",309,"Union Square - Lower East Side","2005-2007","16.1"
"1068",131149,655,"O3-Attributable Asthma Hospitalizations ","Rate- Children 0 to 17 Yrs Old","UHF42",309,"Union Square - Lower East Side","2005-2007","16.1"
"1069",131342,661,"O3-Attributable Asthma Hospitalizations ","Rate- 18 Yrs and Older","UHF42",310,"Lower Manhattan","2005-2007","3.6"
"1070",131342,661,"O3-Attributable Asthma Hospitalizations ","Rate- 18 Yrs and Older","UHF42",310,"Lower Manhattan","2005-2007","3.6"
"1071",131150,655,"O3-Attributable Asthma Hospitalizations ","Rate- Children 0 to 17 Yrs Old","UHF42",310,"Lower Manhattan","2005-2007","8.1"
"1072",131150,655,"O3-Attributable Asthma Hospitalizations ","Rate- Children 0 to 17 Yrs Old","UHF42",310,"Lower Manhattan","2005-2007","8.1"
"1201",151593,661,"O3-Attributable Asthma Hospitalizations ","Rate- 18 Yrs and Older","UHF42",301,"Washington Heights","2009-2011","5.8"
"1202",151593,661,"O3-Attributable Asthma Hospitalizations ","Rate- 18 Yrs and Older","UHF42",301,"Washington Heights","2009-2011","5.8"
"1203",151545,655,"O3-Attributable Asthma Hospitalizations ","Rate- Children 0 to 17 Yrs Old","UHF42",301,"Washington Heights","2009-2011","18.3"
"1204",151545,655,"O3-Attributable Asthma Hospitalizations ","Rate- Children 0 to 17 Yrs Old","UHF42",301,"Washington Heights","2009-2011","18.3"
"1205",151594,661,"O3-Attributable Asthma Hospitalizations ","Rate- 18 Yrs and Older","UHF42",302,"Central Harlem - Morningside Heights","2009-2011","10.3"
"1206",151594,661,"O3-Attributable Asthma Hospitalizations ","Rate- 18 Yrs and Older","UHF42",302,"Central Harlem - Morningside Heights","2009-2011","10.3"
"1207",151546,655,"O3-Attributable Asthma Hospitalizations ","Rate- Children 0 to 17 Yrs Old","UHF42",302,"Central Harlem - Morningside Heights","2009-2011","38.1"
"1208",151546,655,"O3-Attributable Asthma Hospitalizations ","Rate- Children 0 to 17 Yrs Old","UHF42",302,"Central Harlem - Morningside Heights","2009-2011","38.1"
"1209",151595,661,"O3-Attributable Asthma Hospitalizations ","Rate- 18 Yrs and Older","UHF42",303,"East Harlem","2009-2011","17.4"
"1210",151595,661,"O3-Attributable Asthma Hospitalizations ","Rate- 18 Yrs and Older","UHF42",303,"East Harlem","2009-2011","17.4"
"1211",151547,655,"O3-Attributable Asthma Hospitalizations ","Rate- Children 0 to 17 Yrs Old","UHF42",303,"East Harlem","2009-2011","42.3"
"1212",151547,655,"O3-Attributable Asthma Hospitalizations ","Rate- Children 0 to 17 Yrs Old","UHF42",303,"East Harlem","2009-2011","42.3"
"1213",151596,661,"O3-Attributable Asthma Hospitalizations ","Rate- 18 Yrs and Older","UHF42",304,"Upper West Side","2009-2011","2.8"
"1214",151596,661,"O3-Attributable Asthma Hospitalizations ","Rate- 18 Yrs and Older","UHF42",304,"Upper West Side","2009-2011","2.8"
"1215",151548,655,"O3-Attributable Asthma Hospitalizations ","Rate- Children 0 to 17 Yrs Old","UHF42",304,"Upper West Side","2009-2011","11.5"
"1216",151548,655,"O3-Attributable Asthma Hospitalizations ","Rate- Children 0 to 17 Yrs Old","UHF42",304,"Upper West Side","2009-2011","11.5"
"1217",151597,661,"O3-Attributable Asthma Hospitalizations ","Rate- 18 Yrs and Older","UHF42",305,"Upper East Side","2009-2011","1.4"
"1218",151597,661,"O3-Attributable Asthma Hospitalizations ","Rate- 18 Yrs and Older","UHF42",305,"Upper East Side","2009-2011","1.4"
"1219",151549,655,"O3-Attributable Asthma Hospitalizations ","Rate- Children 0 to 17 Yrs Old","UHF42",305,"Upper East Side","2009-2011","9.4"
"1220",151549,655,"O3-Attributable Asthma Hospitalizations ","Rate- Children 0 to 17 Yrs Old","UHF42",305,"Upper East Side","2009-2011","9.4"
"1221",151598,661,"O3-Attributable Asthma Hospitalizations ","Rate- 18 Yrs and Older","UHF42",306,"Chelsea - Clinton","2009-2011","2.8"
"1222",151598,661,"O3-Attributable Asthma Hospitalizations ","Rate- 18 Yrs and Older","UHF42",306,"Chelsea - Clinton","2009-2011","2.8"
"1223",151550,655,"O3-Attributable Asthma Hospitalizations ","Rate- Children 0 to 17 Yrs Old","UHF42",306,"Chelsea - Clinton","2009-2011","14.1"
"1224",151550,655,"O3-Attributable Asthma Hospitalizations ","Rate- Children 0 to 17 Yrs Old","UHF42",306,"Chelsea - Clinton","2009-2011","14.1"
"1225",151599,661,"O3-Attributable Asthma Hospitalizations ","Rate- 18 Yrs and Older","UHF42",307,"Gramercy Park - Murray Hill","2009-2011","2.1"
"1226",151599,661,"O3-Attributable Asthma Hospitalizations ","Rate- 18 Yrs and Older","UHF42",307,"Gramercy Park - Murray Hill","2009-2011","2.1"
"1227",151551,655,"O3-Attributable Asthma Hospitalizations ","Rate- Children 0 to 17 Yrs Old","UHF42",307,"Gramercy Park - Murray Hill","2009-2011","10.6"
"1228",151551,655,"O3-Attributable Asthma Hospitalizations ","Rate- Children 0 to 17 Yrs Old","UHF42",307,"Gramercy Park - Murray Hill","2009-2011","10.6"
"1229",151600,661,"O3-Attributable Asthma Hospitalizations ","Rate- 18 Yrs and Older","UHF42",308,"Greenwich Village - SoHo","2009-2011","1"
"1230",151600,661,"O3-Attributable Asthma Hospitalizations ","Rate- 18 Yrs and Older","UHF42",308,"Greenwich Village - SoHo","2009-2011","1"
"1231",151552,655,"O3-Attributable Asthma Hospitalizations ","Rate- Children 0 to 17 Yrs Old","UHF42",308,"Greenwich Village - SoHo","2009-2011","6.2"
"1232",151552,655,"O3-Attributable Asthma Hospitalizations ","Rate- Children 0 to 17 Yrs Old","UHF42",308,"Greenwich Village - SoHo","2009-2011","6.2"
"1233",151601,661,"O3-Attributable Asthma Hospitalizations ","Rate- 18 Yrs and Older","UHF42",309,"Union Square - Lower East Side","2009-2011","5.6"
"1234",151601,661,"O3-Attributable Asthma Hospitalizations ","Rate- 18 Yrs and Older","UHF42",309,"Union Square - Lower East Side","2009-2011","5.6"
"1235",151553,655,"O3-Attributable Asthma Hospitalizations ","Rate- Children 0 to 17 Yrs Old","UHF42",309,"Union Square - Lower East Side","2009-2011","14.2"
"1236",151553,655,"O3-Attributable Asthma Hospitalizations ","Rate- Children 0 to 17 Yrs Old","UHF42",309,"Union Square - Lower East Side","2009-2011","14.2"
"1237",151602,661,"O3-Attributable Asthma Hospitalizations ","Rate- 18 Yrs and Older","UHF42",310,"Lower Manhattan","2009-2011","2.6"
"1238",151602,661,"O3-Attributable Asthma Hospitalizations ","Rate- 18 Yrs and Older","UHF42",310,"Lower Manhattan","2009-2011","2.6"
"1239",151554,655,"O3-Attributable Asthma Hospitalizations ","Rate- Children 0 to 17 Yrs Old","UHF42",310,"Lower Manhattan","2009-2011","9.5"
"1240",151554,655,"O3-Attributable Asthma Hospitalizations ","Rate- Children 0 to 17 Yrs Old","UHF42",310,"Lower Manhattan","2009-2011","9.5"
"1301",131024,652,"O3-Attributable Cardiac and Respiratory Deaths ","Rate","Borough",3,"Manhattan","2005-2007","3.9"
"1302",131024,652,"O3-Attributable Cardiac and Respiratory Deaths ","Rate","Borough",3,"Manhattan","2005-2007","3.9"
"1311",151428,652,"O3-Attributable Cardiac and Respiratory Deaths ","Rate","Borough",3,"Manhattan","2009-2011","3.8"
"1312",151428,652,"O3-Attributable Cardiac and Respiratory Deaths ","Rate","Borough",3,"Manhattan","2009-2011","3.8"
"1317",131021,652,"O3-Attributable Cardiac and Respiratory Deaths ","Rate","Citywide",1,"New York City","2005-2007","4.9"
"1318",131021,652,"O3-Attributable Cardiac and Respiratory Deaths ","Rate","Citywide",1,"New York City","2005-2007","4.9"
"1319",151425,652,"O3-Attributable Cardiac and Respiratory Deaths ","Rate","Citywide",1,"New York City","2009-2011","4.7"
"1320",151425,652,"O3-Attributable Cardiac and Respiratory Deaths ","Rate","Citywide",1,"New York City","2009-2011","4.7"
"1357",130997,652,"O3-Attributable Cardiac and Respiratory Deaths ","Rate","UHF42",301,"Washington Heights","2005-2007","3.1"
"1358",130997,652,"O3-Attributable Cardiac and Respiratory Deaths ","Rate","UHF42",301,"Washington Heights","2005-2007","3.1"
"1359",130998,652,"O3-Attributable Cardiac and Respiratory Deaths ","Rate","UHF42",302,"Central Harlem - Morningside Heights","2005-2007","5"
"1360",130998,652,"O3-Attributable Cardiac and Respiratory Deaths ","Rate","UHF42",302,"Central Harlem - Morningside Heights","2005-2007","5"
"1361",130999,652,"O3-Attributable Cardiac and Respiratory Deaths ","Rate","UHF42",303,"East Harlem","2005-2007","4.7"
"1362",130999,652,"O3-Attributable Cardiac and Respiratory Deaths ","Rate","UHF42",303,"East Harlem","2005-2007","4.7"
"1363",131000,652,"O3-Attributable Cardiac and Respiratory Deaths ","Rate","UHF42",304,"Upper West Side","2005-2007","4.2"
"1364",131000,652,"O3-Attributable Cardiac and Respiratory Deaths ","Rate","UHF42",304,"Upper West Side","2005-2007","4.2"
"1365",131001,652,"O3-Attributable Cardiac and Respiratory Deaths ","Rate","UHF42",305,"Upper East Side","2005-2007","4"
"1366",131001,652,"O3-Attributable Cardiac and Respiratory Deaths ","Rate","UHF42",305,"Upper East Side","2005-2007","4"
"1367",131002,652,"O3-Attributable Cardiac and Respiratory Deaths ","Rate","UHF42",306,"Chelsea - Clinton","2005-2007","4"
"1368",131002,652,"O3-Attributable Cardiac and Respiratory Deaths ","Rate","UHF42",306,"Chelsea - Clinton","2005-2007","4"
"1369",131003,652,"O3-Attributable Cardiac and Respiratory Deaths ","Rate","UHF42",307,"Gramercy Park - Murray Hill","2005-2007","3.2"
"1370",131003,652,"O3-Attributable Cardiac and Respiratory Deaths ","Rate","UHF42",307,"Gramercy Park - Murray Hill","2005-2007","3.2"
"1371",131004,652,"O3-Attributable Cardiac and Respiratory Deaths ","Rate","UHF42",308,"Greenwich Village - SoHo","2005-2007","3.1"
"1372",131004,652,"O3-Attributable Cardiac and Respiratory Deaths ","Rate","UHF42",308,"Greenwich Village - SoHo","2005-2007","3.1"
"1373",131005,652,"O3-Attributable Cardiac and Respiratory Deaths ","Rate","UHF42",309,"Union Square - Lower East Side","2005-2007","3.9"
"1374",131005,652,"O3-Attributable Cardiac and Respiratory Deaths ","Rate","UHF42",309,"Union Square - Lower East Side","2005-2007","3.9"
"1375",131006,652,"O3-Attributable Cardiac and Respiratory Deaths ","Rate","UHF42",310,"Lower Manhattan","2005-2007","3.8"
"1376",131006,652,"O3-Attributable Cardiac and Respiratory Deaths ","Rate","UHF42",310,"Lower Manhattan","2005-2007","3.8"
"1441",151401,652,"O3-Attributable Cardiac and Respiratory Deaths ","Rate","UHF42",301,"Washington Heights","2009-2011","3.2"
"1442",151401,652,"O3-Attributable Cardiac and Respiratory Deaths ","Rate","UHF42",301,"Washington Heights","2009-2011","3.2"
"1443",151402,652,"O3-Attributable Cardiac and Respiratory Deaths ","Rate","UHF42",302,"Central Harlem - Morningside Heights","2009-2011","4.3"
"1444",151402,652,"O3-Attributable Cardiac and Respiratory Deaths ","Rate","UHF42",302,"Central Harlem - Morningside Heights","2009-2011","4.3"
"1445",151403,652,"O3-Attributable Cardiac and Respiratory Deaths ","Rate","UHF42",303,"East Harlem","2009-2011","4.7"
"1446",151403,652,"O3-Attributable Cardiac and Respiratory Deaths ","Rate","UHF42",303,"East Harlem","2009-2011","4.7"
"1447",151404,652,"O3-Attributable Cardiac and Respiratory Deaths ","Rate","UHF42",304,"Upper West Side","2009-2011","4.1"
"1448",151404,652,"O3-Attributable Cardiac and Respiratory Deaths ","Rate","UHF42",304,"Upper West Side","2009-2011","4.1"
"1449",151405,652,"O3-Attributable Cardiac and Respiratory Deaths ","Rate","UHF42",305,"Upper East Side","2009-2011","4"
"1450",151405,652,"O3-Attributable Cardiac and Respiratory Deaths ","Rate","UHF42",305,"Upper East Side","2009-2011","4"
"1451",151406,652,"O3-Attributable Cardiac and Respiratory Deaths ","Rate","UHF42",306,"Chelsea - Clinton","2009-2011","3.4"
"1452",151406,652,"O3-Attributable Cardiac and Respiratory Deaths ","Rate","UHF42",306,"Chelsea - Clinton","2009-2011","3.4"
"1453",151407,652,"O3-Attributable Cardiac and Respiratory Deaths ","Rate","UHF42",307,"Gramercy Park - Murray Hill","2009-2011","3.6"
"1454",151407,652,"O3-Attributable Cardiac and Respiratory Deaths ","Rate","UHF42",307,"Gramercy Park - Murray Hill","2009-2011","3.6"
"1455",151408,652,"O3-Attributable Cardiac and Respiratory Deaths ","Rate","UHF42",308,"Greenwich Village - SoHo","2009-2011","3.4"
"1456",151408,652,"O3-Attributable Cardiac and Respiratory Deaths ","Rate","UHF42",308,"Greenwich Village - SoHo","2009-2011","3.4"
"1457",151409,652,"O3-Attributable Cardiac and Respiratory Deaths ","Rate","UHF42",309,"Union Square - Lower East Side","2009-2011","4"
"1458",151409,652,"O3-Attributable Cardiac and Respiratory Deaths ","Rate","UHF42",309,"Union Square - Lower East Side","2009-2011","4"
"1459",151410,652,"O3-Attributable Cardiac and Respiratory Deaths ","Rate","UHF42",310,"Lower Manhattan","2009-2011","2.8"
"1460",151410,652,"O3-Attributable Cardiac and Respiratory Deaths ","Rate","UHF42",310,"Lower Manhattan","2009-2011","2.8"
"1497",131264,657,"PM2.5-Attributable Asthma ED Visits ","Rate- 18 Yrs and Older","Borough",3,"Manhattan","2005-2007","59.9"
"1498",131264,657,"PM2.5-Attributable Asthma ED Visits ","Rate- 18 Yrs and Older","Borough",3,"Manhattan","2005-2007","59.9"
"1499",130832,648,"PM2.5-Attributable Asthma ED Visits ","Rate- Children 0 to 17 Yrs Old","Borough",3,"Manhattan","2005-2007","179.4"
"1500",130832,648,"PM2.5-Attributable Asthma ED Visits ","Rate- Children 0 to 17 Yrs Old","Borough",3,"Manhattan","2005-2007","179.4"
"1517",131408,657,"PM2.5-Attributable Asthma ED Visits ","Rate- 18 Yrs and Older","Borough",3,"Manhattan","2009-2011","45.7"
"1518",131408,657,"PM2.5-Attributable Asthma ED Visits ","Rate- 18 Yrs and Older","Borough",3,"Manhattan","2009-2011","45.7"
"1519",131456,648,"PM2.5-Attributable Asthma ED Visits ","Rate- Children 0 to 17 Yrs Old","Borough",3,"Manhattan","2009-2011","144.3"
"1520",131456,648,"PM2.5-Attributable Asthma ED Visits ","Rate- Children 0 to 17 Yrs Old","Borough",3,"Manhattan","2009-2011","144.3"
"1529",131261,657,"PM2.5-Attributable Asthma ED Visits ","Rate- 18 Yrs and Older","Citywide",1,"New York City","2005-2007","56.9"
"1530",131261,657,"PM2.5-Attributable Asthma ED Visits ","Rate- 18 Yrs and Older","Citywide",1,"New York City","2005-2007","56.9"
"1531",130829,648,"PM2.5-Attributable Asthma ED Visits ","Rate- Children 0 to 17 Yrs Old","Citywide",1,"New York City","2005-2007","126.3"
"1532",130829,648,"PM2.5-Attributable Asthma ED Visits ","Rate- Children 0 to 17 Yrs Old","Citywide",1,"New York City","2005-2007","126.3"
"1533",131405,657,"PM2.5-Attributable Asthma ED Visits ","Rate- 18 Yrs and Older","Citywide",1,"New York City","2009-2011","45.1"
"1534",131405,657,"PM2.5-Attributable Asthma ED Visits ","Rate- 18 Yrs and Older","Citywide",1,"New York City","2009-2011","45.1"
"1535",131453,648,"PM2.5-Attributable Asthma ED Visits ","Rate- Children 0 to 17 Yrs Old","Citywide",1,"New York City","2009-2011","106.8"
"1536",131453,648,"PM2.5-Attributable Asthma ED Visits ","Rate- Children 0 to 17 Yrs Old","Citywide",1,"New York City","2009-2011","106.8"
"1609",131237,657,"PM2.5-Attributable Asthma ED Visits ","Rate- 18 Yrs and Older","UHF42",301,"Washington Heights","2005-2007","66.4"
"1610",131237,657,"PM2.5-Attributable Asthma ED Visits ","Rate- 18 Yrs and Older","UHF42",301,"Washington Heights","2005-2007","66.4"
"1611",130805,648,"PM2.5-Attributable Asthma ED Visits ","Rate- Children 0 to 17 Yrs Old","UHF42",301,"Washington Heights","2005-2007","175.9"
"1612",130805,648,"PM2.5-Attributable Asthma ED Visits ","Rate- Children 0 to 17 Yrs Old","UHF42",301,"Washington Heights","2005-2007","175.9"
"1613",131238,657,"PM2.5-Attributable Asthma ED Visits ","Rate- 18 Yrs and Older","UHF42",302,"Central Harlem - Morningside Heights","2005-2007","209.9"
"1614",131238,657,"PM2.5-Attributable Asthma ED Visits ","Rate- 18 Yrs and Older","UHF42",302,"Central Harlem - Morningside Heights","2005-2007","209.9"
"1615",130806,648,"PM2.5-Attributable Asthma ED Visits ","Rate- Children 0 to 17 Yrs Old","UHF42",302,"Central Harlem - Morningside Heights","2005-2007","424.7"
"1616",130806,648,"PM2.5-Attributable Asthma ED Visits ","Rate- Children 0 to 17 Yrs Old","UHF42",302,"Central Harlem - Morningside Heights","2005-2007","424.7"
"1617",131239,657,"PM2.5-Attributable Asthma ED Visits ","Rate- 18 Yrs and Older","UHF42",303,"East Harlem","2005-2007","202.7"
"1618",131239,657,"PM2.5-Attributable Asthma ED Visits ","Rate- 18 Yrs and Older","UHF42",303,"East Harlem","2005-2007","202.7"
"1619",130807,648,"PM2.5-Attributable Asthma ED Visits ","Rate- Children 0 to 17 Yrs Old","UHF42",303,"East Harlem","2005-2007","354.2"
"1620",130807,648,"PM2.5-Attributable Asthma ED Visits ","Rate- Children 0 to 17 Yrs Old","UHF42",303,"East Harlem","2005-2007","354.2"
"1621",131240,657,"PM2.5-Attributable Asthma ED Visits ","Rate- 18 Yrs and Older","UHF42",304,"Upper West Side","2005-2007","32.3"
"1622",131240,657,"PM2.5-Attributable Asthma ED Visits ","Rate- 18 Yrs and Older","UHF42",304,"Upper West Side","2005-2007","32.3"
"1623",130808,648,"PM2.5-Attributable Asthma ED Visits ","Rate- Children 0 to 17 Yrs Old","UHF42",304,"Upper West Side","2005-2007","113.2"
"1624",130808,648,"PM2.5-Attributable Asthma ED Visits ","Rate- Children 0 to 17 Yrs Old","UHF42",304,"Upper West Side","2005-2007","113.2"
"1625",131241,657,"PM2.5-Attributable Asthma ED Visits ","Rate- 18 Yrs and Older","UHF42",305,"Upper East Side","2005-2007","11.5"
"1626",131241,657,"PM2.5-Attributable Asthma ED Visits ","Rate- 18 Yrs and Older","UHF42",305,"Upper East Side","2005-2007","11.5"
"1627",130809,648,"PM2.5-Attributable Asthma ED Visits ","Rate- Children 0 to 17 Yrs Old","UHF42",305,"Upper East Side","2005-2007","39"
"1628",130809,648,"PM2.5-Attributable Asthma ED Visits ","Rate- Children 0 to 17 Yrs Old","UHF42",305,"Upper East Side","2005-2007","39"
"1629",131242,657,"PM2.5-Attributable Asthma ED Visits ","Rate- 18 Yrs and Older","UHF42",306,"Chelsea - Clinton","2005-2007","39.1"
"1630",131242,657,"PM2.5-Attributable Asthma ED Visits ","Rate- 18 Yrs and Older","UHF42",306,"Chelsea - Clinton","2005-2007","39.1"
"1631",130810,648,"PM2.5-Attributable Asthma ED Visits ","Rate- Children 0 to 17 Yrs Old","UHF42",306,"Chelsea - Clinton","2005-2007","139.1"
"1632",130810,648,"PM2.5-Attributable Asthma ED Visits ","Rate- Children 0 to 17 Yrs Old","UHF42",306,"Chelsea - Clinton","2005-2007","139.1"
"1633",131243,657,"PM2.5-Attributable Asthma ED Visits ","Rate- 18 Yrs and Older","UHF42",307,"Gramercy Park - Murray Hill","2005-2007","27.4"
"1634",131243,657,"PM2.5-Attributable Asthma ED Visits ","Rate- 18 Yrs and Older","UHF42",307,"Gramercy Park - Murray Hill","2005-2007","27.4"
"1635",130811,648,"PM2.5-Attributable Asthma ED Visits ","Rate- Children 0 to 17 Yrs Old","UHF42",307,"Gramercy Park - Murray Hill","2005-2007","61.7"
"1636",130811,648,"PM2.5-Attributable Asthma ED Visits ","Rate- Children 0 to 17 Yrs Old","UHF42",307,"Gramercy Park - Murray Hill","2005-2007","61.7"
"1637",131244,657,"PM2.5-Attributable Asthma ED Visits ","Rate- 18 Yrs and Older","UHF42",308,"Greenwich Village - SoHo","2005-2007","11.6"
"1638",131244,657,"PM2.5-Attributable Asthma ED Visits ","Rate- 18 Yrs and Older","UHF42",308,"Greenwich Village - SoHo","2005-2007","11.6"
"1639",130812,648,"PM2.5-Attributable Asthma ED Visits ","Rate- Children 0 to 17 Yrs Old","UHF42",308,"Greenwich Village - SoHo","2005-2007","25.6"
"1640",130812,648,"PM2.5-Attributable Asthma ED Visits ","Rate- Children 0 to 17 Yrs Old","UHF42",308,"Greenwich Village - SoHo","2005-2007","25.6"
"1641",131245,657,"PM2.5-Attributable Asthma ED Visits ","Rate- 18 Yrs and Older","UHF42",309,"Union Square - Lower East Side","2005-2007","46.3"
"1642",131245,657,"PM2.5-Attributable Asthma ED Visits ","Rate- 18 Yrs and Older","UHF42",309,"Union Square - Lower East Side","2005-2007","46.3"
"1643",130813,648,"PM2.5-Attributable Asthma ED Visits ","Rate- Children 0 to 17 Yrs Old","UHF42",309,"Union Square - Lower East Side","2005-2007","124.9"
"1644",130813,648,"PM2.5-Attributable Asthma ED Visits ","Rate- Children 0 to 17 Yrs Old","UHF42",309,"Union Square - Lower East Side","2005-2007","124.9"
"1645",131246,657,"PM2.5-Attributable Asthma ED Visits ","Rate- 18 Yrs and Older","UHF42",310,"Lower Manhattan","2005-2007","35"
"1646",131246,657,"PM2.5-Attributable Asthma ED Visits ","Rate- 18 Yrs and Older","UHF42",310,"Lower Manhattan","2005-2007","35"
"1647",130814,648,"PM2.5-Attributable Asthma ED Visits ","Rate- Children 0 to 17 Yrs Old","UHF42",310,"Lower Manhattan","2005-2007","71.6"
"1648",130814,648,"PM2.5-Attributable Asthma ED Visits ","Rate- Children 0 to 17 Yrs Old","UHF42",310,"Lower Manhattan","2005-2007","71.6"
"1778",131381,657,"PM2.5-Attributable Asthma ED Visits ","Rate- 18 Yrs and Older","UHF42",301,"Washington Heights","2009-2011","44.5"
"1779",131381,657,"PM2.5-Attributable Asthma ED Visits ","Rate- 18 Yrs and Older","UHF42",301,"Washington Heights","2009-2011","44.5"
"1780",131429,648,"PM2.5-Attributable Asthma ED Visits ","Rate- Children 0 to 17 Yrs Old","UHF42",301,"Washington Heights","2009-2011","138.5"
"1781",131429,648,"PM2.5-Attributable Asthma ED Visits ","Rate- Children 0 to 17 Yrs Old","UHF42",301,"Washington Heights","2009-2011","138.5"
"1782",131382,657,"PM2.5-Attributable Asthma ED Visits ","Rate- 18 Yrs and Older","UHF42",302,"Central Harlem - Morningside Heights","2009-2011","137"
"1783",131382,657,"PM2.5-Attributable Asthma ED Visits ","Rate- 18 Yrs and Older","UHF42",302,"Central Harlem - Morningside Heights","2009-2011","137"
"1784",131430,648,"PM2.5-Attributable Asthma ED Visits ","Rate- Children 0 to 17 Yrs Old","UHF42",302,"Central Harlem - Morningside Heights","2009-2011","291.1"
"1785",131430,648,"PM2.5-Attributable Asthma ED Visits ","Rate- Children 0 to 17 Yrs Old","UHF42",302,"Central Harlem - Morningside Heights","2009-2011","291.1"
"1786",131383,657,"PM2.5-Attributable Asthma ED Visits ","Rate- 18 Yrs and Older","UHF42",303,"East Harlem","2009-2011","147.1"
"1787",131383,657,"PM2.5-Attributable Asthma ED Visits ","Rate- 18 Yrs and Older","UHF42",303,"East Harlem","2009-2011","147.1"
"1788",131431,648,"PM2.5-Attributable Asthma ED Visits ","Rate- Children 0 to 17 Yrs Old","UHF42",303,"East Harlem","2009-2011","299.4"
"1789",131431,648,"PM2.5-Attributable Asthma ED Visits ","Rate- Children 0 to 17 Yrs Old","UHF42",303,"East Harlem","2009-2011","299.4"
"1790",131384,657,"PM2.5-Attributable Asthma ED Visits ","Rate- 18 Yrs and Older","UHF42",304,"Upper West Side","2009-2011","25.5"
"1791",131384,657,"PM2.5-Attributable Asthma ED Visits ","Rate- 18 Yrs and Older","UHF42",304,"Upper West Side","2009-2011","25.5"
"1792",131432,648,"PM2.5-Attributable Asthma ED Visits ","Rate- Children 0 to 17 Yrs Old","UHF42",304,"Upper West Side","2009-2011","74.2"
"1793",131432,648,"PM2.5-Attributable Asthma ED Visits ","Rate- Children 0 to 17 Yrs Old","UHF42",304,"Upper West Side","2009-2011","74.2"
"1794",131385,657,"PM2.5-Attributable Asthma ED Visits ","Rate- 18 Yrs and Older","UHF42",305,"Upper East Side","2009-2011","9.4"
"1795",131385,657,"PM2.5-Attributable Asthma ED Visits ","Rate- 18 Yrs and Older","UHF42",305,"Upper East Side","2009-2011","9.4"
"1796",131433,648,"PM2.5-Attributable Asthma ED Visits ","Rate- Children 0 to 17 Yrs Old","UHF42",305,"Upper East Side","2009-2011","35.5"
"1797",131433,648,"PM2.5-Attributable Asthma ED Visits ","Rate- Children 0 to 17 Yrs Old","UHF42",305,"Upper East Side","2009-2011","35.5"
"1798",131386,657,"PM2.5-Attributable Asthma ED Visits ","Rate- 18 Yrs and Older","UHF42",306,"Chelsea - Clinton","2009-2011","25.3"
"1799",131386,657,"PM2.5-Attributable Asthma ED Visits ","Rate- 18 Yrs and Older","UHF42",306,"Chelsea - Clinton","2009-2011","25.3"
"1800",131434,648,"PM2.5-Attributable Asthma ED Visits ","Rate- Children 0 to 17 Yrs Old","UHF42",306,"Chelsea - Clinton","2009-2011","88.6"
"1801",131434,648,"PM2.5-Attributable Asthma ED Visits ","Rate- Children 0 to 17 Yrs Old","UHF42",306,"Chelsea - Clinton","2009-2011","88.6"
"1802",131387,657,"PM2.5-Attributable Asthma ED Visits ","Rate- 18 Yrs and Older","UHF42",307,"Gramercy Park - Murray Hill","2009-2011","20.7"
"1803",131387,657,"PM2.5-Attributable Asthma ED Visits ","Rate- 18 Yrs and Older","UHF42",307,"Gramercy Park - Murray Hill","2009-2011","20.7"
"1804",131435,648,"PM2.5-Attributable Asthma ED Visits ","Rate- Children 0 to 17 Yrs Old","UHF42",307,"Gramercy Park - Murray Hill","2009-2011","69.7"
"1805",131600,639,"PM2.5-Attributable Deaths ","Rate - Adults 30 Yrs and Older","Borough",3,"Manhattan","2009-2011","50"
"1806",131435,648,"PM2.5-Attributable Asthma ED Visits ","Rate- Children 0 to 17 Yrs Old","UHF42",307,"Gramercy Park - Murray Hill","2009-2011","69.7"
"1807",131388,657,"PM2.5-Attributable Asthma ED Visits ","Rate- 18 Yrs and Older","UHF42",308,"Greenwich Village - SoHo","2009-2011","9.2"
"1808",131388,657,"PM2.5-Attributable Asthma ED Visits ","Rate- 18 Yrs and Older","UHF42",308,"Greenwich Village - SoHo","2009-2011","9.2"
"1809",131436,648,"PM2.5-Attributable Asthma ED Visits ","Rate- Children 0 to 17 Yrs Old","UHF42",308,"Greenwich Village - SoHo","2009-2011","24.5"
"1810",131436,648,"PM2.5-Attributable Asthma ED Visits ","Rate- Children 0 to 17 Yrs Old","UHF42",308,"Greenwich Village - SoHo","2009-2011","24.5"
"1811",131389,657,"PM2.5-Attributable Asthma ED Visits ","Rate- 18 Yrs and Older","UHF42",309,"Union Square - Lower East Side","2009-2011","45.5"
"1812",131389,657,"PM2.5-Attributable Asthma ED Visits ","Rate- 18 Yrs and Older","UHF42",309,"Union Square - Lower East Side","2009-2011","45.5"
"1813",131437,648,"PM2.5-Attributable Asthma ED Visits ","Rate- Children 0 to 17 Yrs Old","UHF42",309,"Union Square - Lower East Side","2009-2011","151.9"
"1814",131437,648,"PM2.5-Attributable Asthma ED Visits ","Rate- Children 0 to 17 Yrs Old","UHF42",309,"Union Square - Lower East Side","2009-2011","151.9"
"1815",131390,657,"PM2.5-Attributable Asthma ED Visits ","Rate- 18 Yrs and Older","UHF42",310,"Lower Manhattan","2009-2011","25.7"
"1816",131390,657,"PM2.5-Attributable Asthma ED Visits ","Rate- 18 Yrs and Older","UHF42",310,"Lower Manhattan","2009-2011","25.7"
"1817",131438,648,"PM2.5-Attributable Asthma ED Visits ","Rate- Children 0 to 17 Yrs Old","UHF42",310,"Lower Manhattan","2009-2011","57.2"
"1818",131438,648,"PM2.5-Attributable Asthma ED Visits ","Rate- Children 0 to 17 Yrs Old","UHF42",310,"Lower Manhattan","2009-2011","57.2"
"1878",130976,651,"PM2.5-Attributable Cardiovascular Hospitalizations (Adults 40 Yrs and Older) ","Rate- 40 Years and Older","Borough",3,"Manhattan","2005-2007","22.4"
"1879",130976,651,"PM2.5-Attributable Cardiovascular Hospitalizations (Adults 40 Yrs and Older) ","Rate- 40 Years and Older","Borough",3,"Manhattan","2005-2007","22.4"
"1888",131504,651,"PM2.5-Attributable Cardiovascular Hospitalizations (Adults 40 Yrs and Older) ","Rate- 40 Years and Older","Borough",3,"Manhattan","2009-2011","15"
"1889",131504,651,"PM2.5-Attributable Cardiovascular Hospitalizations (Adults 40 Yrs and Older) ","Rate- 40 Years and Older","Borough",3,"Manhattan","2009-2011","15"
"1894",130973,651,"PM2.5-Attributable Cardiovascular Hospitalizations (Adults 40 Yrs and Older) ","Rate- 40 Years and Older","Citywide",1,"New York City","2005-2007","25.7"
"1895",130973,651,"PM2.5-Attributable Cardiovascular Hospitalizations (Adults 40 Yrs and Older) ","Rate- 40 Years and Older","Citywide",1,"New York City","2005-2007","25.7"
"1896",131501,651,"PM2.5-Attributable Cardiovascular Hospitalizations (Adults 40 Yrs and Older) ","Rate- 40 Years and Older","Citywide",1,"New York City","2009-2011","17.8"
"1897",131501,651,"PM2.5-Attributable Cardiovascular Hospitalizations (Adults 40 Yrs and Older) ","Rate- 40 Years and Older","Citywide",1,"New York City","2009-2011","17.8"
"1934",130949,651,"PM2.5-Attributable Cardiovascular Hospitalizations (Adults 40 Yrs and Older) ","Rate- 40 Years and Older","UHF42",301,"Washington Heights","2005-2007","27.6"
"1935",130949,651,"PM2.5-Attributable Cardiovascular Hospitalizations (Adults 40 Yrs and Older) ","Rate- 40 Years and Older","UHF42",301,"Washington Heights","2005-2007","27.6"
"1936",130950,651,"PM2.5-Attributable Cardiovascular Hospitalizations (Adults 40 Yrs and Older) ","Rate- 40 Years and Older","UHF42",302,"Central Harlem - Morningside Heights","2005-2007","35.1"
"1937",130950,651,"PM2.5-Attributable Cardiovascular Hospitalizations (Adults 40 Yrs and Older) ","Rate- 40 Years and Older","UHF42",302,"Central Harlem - Morningside Heights","2005-2007","35.1"
"1938",130951,651,"PM2.5-Attributable Cardiovascular Hospitalizations (Adults 40 Yrs and Older) ","Rate- 40 Years and Older","UHF42",303,"East Harlem","2005-2007","39"
"1939",130951,651,"PM2.5-Attributable Cardiovascular Hospitalizations (Adults 40 Yrs and Older) ","Rate- 40 Years and Older","UHF42",303,"East Harlem","2005-2007","39"
"1940",130952,651,"PM2.5-Attributable Cardiovascular Hospitalizations (Adults 40 Yrs and Older) ","Rate- 40 Years and Older","UHF42",304,"Upper West Side","2005-2007","18.4"
"1941",130952,651,"PM2.5-Attributable Cardiovascular Hospitalizations (Adults 40 Yrs and Older) ","Rate- 40 Years and Older","UHF42",304,"Upper West Side","2005-2007","18.4"
"1942",130953,651,"PM2.5-Attributable Cardiovascular Hospitalizations (Adults 40 Yrs and Older) ","Rate- 40 Years and Older","UHF42",305,"Upper East Side","2005-2007","14.2"
"1943",130953,651,"PM2.5-Attributable Cardiovascular Hospitalizations (Adults 40 Yrs and Older) ","Rate- 40 Years and Older","UHF42",305,"Upper East Side","2005-2007","14.2"
"1944",130954,651,"PM2.5-Attributable Cardiovascular Hospitalizations (Adults 40 Yrs and Older) ","Rate- 40 Years and Older","UHF42",306,"Chelsea - Clinton","2005-2007","20.6"
"1945",130954,651,"PM2.5-Attributable Cardiovascular Hospitalizations (Adults 40 Yrs and Older) ","Rate- 40 Years and Older","UHF42",306,"Chelsea - Clinton","2005-2007","20.6"
"1946",130955,651,"PM2.5-Attributable Cardiovascular Hospitalizations (Adults 40 Yrs and Older) ","Rate- 40 Years and Older","UHF42",307,"Gramercy Park - Murray Hill","2005-2007","17.1"
"1947",130955,651,"PM2.5-Attributable Cardiovascular Hospitalizations (Adults 40 Yrs and Older) ","Rate- 40 Years and Older","UHF42",307,"Gramercy Park - Murray Hill","2005-2007","17.1"
"1948",130956,651,"PM2.5-Attributable Cardiovascular Hospitalizations (Adults 40 Yrs and Older) ","Rate- 40 Years and Older","UHF42",308,"Greenwich Village - SoHo","2005-2007","13.4"
"1949",130956,651,"PM2.5-Attributable Cardiovascular Hospitalizations (Adults 40 Yrs and Older) ","Rate- 40 Years and Older","UHF42",308,"Greenwich Village - SoHo","2005-2007","13.4"
"1950",130957,651,"PM2.5-Attributable Cardiovascular Hospitalizations (Adults 40 Yrs and Older) ","Rate- 40 Years and Older","UHF42",309,"Union Square - Lower East Side","2005-2007","25.1"
"1951",130957,651,"PM2.5-Attributable Cardiovascular Hospitalizations (Adults 40 Yrs and Older) ","Rate- 40 Years and Older","UHF42",309,"Union Square - Lower East Side","2005-2007","25.1"
"1952",130958,651,"PM2.5-Attributable Cardiovascular Hospitalizations (Adults 40 Yrs and Older) ","Rate- 40 Years and Older","UHF42",310,"Lower Manhattan","2005-2007","18.6"
"1953",130958,651,"PM2.5-Attributable Cardiovascular Hospitalizations (Adults 40 Yrs and Older) ","Rate- 40 Years and Older","UHF42",310,"Lower Manhattan","2005-2007","18.6"
"2018",131477,651,"PM2.5-Attributable Cardiovascular Hospitalizations (Adults 40 Yrs and Older) ","Rate- 40 Years and Older","UHF42",301,"Washington Heights","2009-2011","18.1"
"2019",131477,651,"PM2.5-Attributable Cardiovascular Hospitalizations (Adults 40 Yrs and Older) ","Rate- 40 Years and Older","UHF42",301,"Washington Heights","2009-2011","18.1"
"2020",131478,651,"PM2.5-Attributable Cardiovascular Hospitalizations (Adults 40 Yrs and Older) ","Rate- 40 Years and Older","UHF42",302,"Central Harlem - Morningside Heights","2009-2011","19.7"
"2021",131478,651,"PM2.5-Attributable Cardiovascular Hospitalizations (Adults 40 Yrs and Older) ","Rate- 40 Years and Older","UHF42",302,"Central Harlem - Morningside Heights","2009-2011","19.7"
"2022",131479,651,"PM2.5-Attributable Cardiovascular Hospitalizations (Adults 40 Yrs and Older) ","Rate- 40 Years and Older","UHF42",303,"East Harlem","2009-2011","23.3"
"2023",131479,651,"PM2.5-Attributable Cardiovascular Hospitalizations (Adults 40 Yrs and Older) ","Rate- 40 Years and Older","UHF42",303,"East Harlem","2009-2011","23.3"
"2024",131480,651,"PM2.5-Attributable Cardiovascular Hospitalizations (Adults 40 Yrs and Older) ","Rate- 40 Years and Older","UHF42",304,"Upper West Side","2009-2011","12"
"2025",131480,651,"PM2.5-Attributable Cardiovascular Hospitalizations (Adults 40 Yrs and Older) ","Rate- 40 Years and Older","UHF42",304,"Upper West Side","2009-2011","12"
"2026",131481,651,"PM2.5-Attributable Cardiovascular Hospitalizations (Adults 40 Yrs and Older) ","Rate- 40 Years and Older","UHF42",305,"Upper East Side","2009-2011","11.1"
"2027",131481,651,"PM2.5-Attributable Cardiovascular Hospitalizations (Adults 40 Yrs and Older) ","Rate- 40 Years and Older","UHF42",305,"Upper East Side","2009-2011","11.1"
"2028",131482,651,"PM2.5-Attributable Cardiovascular Hospitalizations (Adults 40 Yrs and Older) ","Rate- 40 Years and Older","UHF42",306,"Chelsea - Clinton","2009-2011","11.7"
"2029",131482,651,"PM2.5-Attributable Cardiovascular Hospitalizations (Adults 40 Yrs and Older) ","Rate- 40 Years and Older","UHF42",306,"Chelsea - Clinton","2009-2011","11.7"
"2030",131483,651,"PM2.5-Attributable Cardiovascular Hospitalizations (Adults 40 Yrs and Older) ","Rate- 40 Years and Older","UHF42",307,"Gramercy Park - Murray Hill","2009-2011","12.9"
"2031",131483,651,"PM2.5-Attributable Cardiovascular Hospitalizations (Adults 40 Yrs and Older) ","Rate- 40 Years and Older","UHF42",307,"Gramercy Park - Murray Hill","2009-2011","12.9"
"2032",131484,651,"PM2.5-Attributable Cardiovascular Hospitalizations (Adults 40 Yrs and Older) ","Rate- 40 Years and Older","UHF42",308,"Greenwich Village - SoHo","2009-2011","9.6"
"2033",131484,651,"PM2.5-Attributable Cardiovascular Hospitalizations (Adults 40 Yrs and Older) ","Rate- 40 Years and Older","UHF42",308,"Greenwich Village - SoHo","2009-2011","9.6"
"2034",131485,651,"PM2.5-Attributable Cardiovascular Hospitalizations (Adults 40 Yrs and Older) ","Rate- 40 Years and Older","UHF42",309,"Union Square - Lower East Side","2009-2011","18.5"
"2035",131485,651,"PM2.5-Attributable Cardiovascular Hospitalizations (Adults 40 Yrs and Older) ","Rate- 40 Years and Older","UHF42",309,"Union Square - Lower East Side","2009-2011","18.5"
"2036",131486,651,"PM2.5-Attributable Cardiovascular Hospitalizations (Adults 40 Yrs and Older) ","Rate- 40 Years and Older","UHF42",310,"Lower Manhattan","2009-2011","14"
"2037",131486,651,"PM2.5-Attributable Cardiovascular Hospitalizations (Adults 40 Yrs and Older) ","Rate- 40 Years and Older","UHF42",310,"Lower Manhattan","2009-2011","14"
"2070",130784,639,"PM2.5-Attributable Deaths ","Rate - Adults 30 Yrs and Older","Borough",3,"Manhattan","2005-2007","64"
"2071",130784,639,"PM2.5-Attributable Deaths ","Rate - Adults 30 Yrs and Older","Borough",3,"Manhattan","2005-2007","64"
"2080",131600,639,"PM2.5-Attributable Deaths ","Rate - Adults 30 Yrs and Older","Borough",3,"Manhattan","2009-2011","50"
"2085",130781,639,"PM2.5-Attributable Deaths ","Rate - Adults 30 Yrs and Older","Citywide",1,"New York City","2005-2007","64.7"
"2086",130781,639,"PM2.5-Attributable Deaths ","Rate - Adults 30 Yrs and Older","Citywide",1,"New York City","2005-2007","64.7"
"2087",131597,639,"PM2.5-Attributable Deaths ","Rate - Adults 30 Yrs and Older","Citywide",1,"New York City","2009-2011","48.2"
"2088",131597,639,"PM2.5-Attributable Deaths ","Rate - Adults 30 Yrs and Older","Citywide",1,"New York City","2009-2011","48.2"
"2125",130373,639,"PM2.5-Attributable Deaths ","Rate - Adults 30 Yrs and Older","UHF42",301,"Washington Heights","2005-2007","60.5"
"2126",130373,639,"PM2.5-Attributable Deaths ","Rate - Adults 30 Yrs and Older","UHF42",301,"Washington Heights","2005-2007","60.5"
"2127",130374,639,"PM2.5-Attributable Deaths ","Rate - Adults 30 Yrs and Older","UHF42",302,"Central Harlem - Morningside Heights","2005-2007","105.2"
"2128",130374,639,"PM2.5-Attributable Deaths ","Rate - Adults 30 Yrs and Older","UHF42",302,"Central Harlem - Morningside Heights","2005-2007","105.2"
"2129",130375,639,"PM2.5-Attributable Deaths ","Rate - Adults 30 Yrs and Older","UHF42",303,"East Harlem","2005-2007","100.5"
"2130",130375,639,"PM2.5-Attributable Deaths ","Rate - Adults 30 Yrs and Older","UHF42",303,"East Harlem","2005-2007","100.5"
"2131",130376,639,"PM2.5-Attributable Deaths ","Rate - Adults 30 Yrs and Older","UHF42",304,"Upper West Side","2005-2007","59.5"
"2132",130376,639,"PM2.5-Attributable Deaths ","Rate - Adults 30 Yrs and Older","UHF42",304,"Upper West Side","2005-2007","59.5"
"2133",130377,639,"PM2.5-Attributable Deaths ","Rate - Adults 30 Yrs and Older","UHF42",305,"Upper East Side","2005-2007","55.3"
"2134",130377,639,"PM2.5-Attributable Deaths ","Rate - Adults 30 Yrs and Older","UHF42",305,"Upper East Side","2005-2007","55.3"
"2135",130378,639,"PM2.5-Attributable Deaths ","Rate - Adults 30 Yrs and Older","UHF42",306,"Chelsea - Clinton","2005-2007","57.5"
"2136",130378,639,"PM2.5-Attributable Deaths ","Rate - Adults 30 Yrs and Older","UHF42",306,"Chelsea - Clinton","2005-2007","57.5"
"2137",130379,639,"PM2.5-Attributable Deaths ","Rate - Adults 30 Yrs and Older","UHF42",307,"Gramercy Park - Murray Hill","2005-2007","52.7"
"2138",130379,639,"PM2.5-Attributable Deaths ","Rate - Adults 30 Yrs and Older","UHF42",307,"Gramercy Park - Murray Hill","2005-2007","52.7"
"2139",130380,639,"PM2.5-Attributable Deaths ","Rate - Adults 30 Yrs and Older","UHF42",308,"Greenwich Village - SoHo","2005-2007","45.4"
"2140",130380,639,"PM2.5-Attributable Deaths ","Rate - Adults 30 Yrs and Older","UHF42",308,"Greenwich Village - SoHo","2005-2007","45.4"
"2141",130381,639,"PM2.5-Attributable Deaths ","Rate - Adults 30 Yrs and Older","UHF42",309,"Union Square - Lower East Side","2005-2007","66.9"
"2142",130381,639,"PM2.5-Attributable Deaths ","Rate - Adults 30 Yrs and Older","UHF42",309,"Union Square - Lower East Side","2005-2007","66.9"
"2143",130382,639,"PM2.5-Attributable Deaths ","Rate - Adults 30 Yrs and Older","UHF42",310,"Lower Manhattan","2005-2007","59.5"
"2144",130382,639,"PM2.5-Attributable Deaths ","Rate - Adults 30 Yrs and Older","UHF42",310,"Lower Manhattan","2005-2007","59.5"
"2209",131573,639,"PM2.5-Attributable Deaths ","Rate - Adults 30 Yrs and Older","UHF42",301,"Washington Heights","2009-2011","46"
"2210",131573,639,"PM2.5-Attributable Deaths ","Rate - Adults 30 Yrs and Older","UHF42",301,"Washington Heights","2009-2011","46"
"2211",131574,639,"PM2.5-Attributable Deaths ","Rate - Adults 30 Yrs and Older","UHF42",302,"Central Harlem - Morningside Heights","2009-2011","63.6"
"2212",131574,639,"PM2.5-Attributable Deaths ","Rate - Adults 30 Yrs and Older","UHF42",302,"Central Harlem - Morningside Heights","2009-2011","63.6"
"2213",131575,639,"PM2.5-Attributable Deaths ","Rate - Adults 30 Yrs and Older","UHF42",303,"East Harlem","2009-2011","69.9"
"2214",131575,639,"PM2.5-Attributable Deaths ","Rate - Adults 30 Yrs and Older","UHF42",303,"East Harlem","2009-2011","69.9"
"2215",131576,639,"PM2.5-Attributable Deaths ","Rate - Adults 30 Yrs and Older","UHF42",304,"Upper West Side","2009-2011","48.9"
"2216",131576,639,"PM2.5-Attributable Deaths ","Rate - Adults 30 Yrs and Older","UHF42",304,"Upper West Side","2009-2011","48.9"
"2217",131577,639,"PM2.5-Attributable Deaths ","Rate - Adults 30 Yrs and Older","UHF42",305,"Upper East Side","2009-2011","45.3"
"2218",131577,639,"PM2.5-Attributable Deaths ","Rate - Adults 30 Yrs and Older","UHF42",305,"Upper East Side","2009-2011","45.3"
"2219",131578,639,"PM2.5-Attributable Deaths ","Rate - Adults 30 Yrs and Older","UHF42",306,"Chelsea - Clinton","2009-2011","39.7"
"2220",131578,639,"PM2.5-Attributable Deaths ","Rate - Adults 30 Yrs and Older","UHF42",306,"Chelsea - Clinton","2009-2011","39.7"
"2221",131579,639,"PM2.5-Attributable Deaths ","Rate - Adults 30 Yrs and Older","UHF42",307,"Gramercy Park - Murray Hill","2009-2011","47.9"
"2222",131579,639,"PM2.5-Attributable Deaths ","Rate - Adults 30 Yrs and Older","UHF42",307,"Gramercy Park - Murray Hill","2009-2011","47.9"
"2223",131580,639,"PM2.5-Attributable Deaths ","Rate - Adults 30 Yrs and Older","UHF42",308,"Greenwich Village - SoHo","2009-2011","41"
"2224",131580,639,"PM2.5-Attributable Deaths ","Rate - Adults 30 Yrs and Older","UHF42",308,"Greenwich Village - SoHo","2009-2011","41"
"2225",131581,639,"PM2.5-Attributable Deaths ","Rate - Adults 30 Yrs and Older","UHF42",309,"Union Square - Lower East Side","2009-2011","58.8"
"2226",131581,639,"PM2.5-Attributable Deaths ","Rate - Adults 30 Yrs and Older","UHF42",309,"Union Square - Lower East Side","2009-2011","58.8"
"2227",131582,639,"PM2.5-Attributable Deaths ","Rate - Adults 30 Yrs and Older","UHF42",310,"Lower Manhattan","2009-2011","36.4"
"2228",131582,639,"PM2.5-Attributable Deaths ","Rate - Adults 30 Yrs and Older","UHF42",310,"Lower Manhattan","2009-2011","36.4"
"2261",130928,650,"PM2.5-Attributable Respiratory Hospitalizations (Adults 20 Yrs and Older)","Rate- Adults 20 Yrs and Older","Borough",3,"Manhattan","2005-2007","18.3"
"2262",130928,650,"PM2.5-Attributable Respiratory Hospitalizations (Adults 20 Yrs and Older)","Rate- Adults 20 Yrs and Older","Borough",3,"Manhattan","2005-2007","18.3"
"2271",131552,650,"PM2.5-Attributable Respiratory Hospitalizations (Adults 20 Yrs and Older)","Rate- Adults 20 Yrs and Older","Borough",3,"Manhattan","2009-2011","12.6"
"2272",131552,650,"PM2.5-Attributable Respiratory Hospitalizations (Adults 20 Yrs and Older)","Rate- Adults 20 Yrs and Older","Borough",3,"Manhattan","2009-2011","12.6"
"2277",130925,650,"PM2.5-Attributable Respiratory Hospitalizations (Adults 20 Yrs and Older)","Rate- Adults 20 Yrs and Older","Citywide",1,"New York City","2005-2007","19.8"
"2278",130925,650,"PM2.5-Attributable Respiratory Hospitalizations (Adults 20 Yrs and Older)","Rate- Adults 20 Yrs and Older","Citywide",1,"New York City","2005-2007","19.8"
"2279",131549,650,"PM2.5-Attributable Respiratory Hospitalizations (Adults 20 Yrs and Older)","Rate- Adults 20 Yrs and Older","Citywide",1,"New York City","2009-2011","14.1"
"2280",131549,650,"PM2.5-Attributable Respiratory Hospitalizations (Adults 20 Yrs and Older)","Rate- Adults 20 Yrs and Older","Citywide",1,"New York City","2009-2011","14.1"
"2317",130901,650,"PM2.5-Attributable Respiratory Hospitalizations (Adults 20 Yrs and Older)","Rate- Adults 20 Yrs and Older","UHF42",301,"Washington Heights","2005-2007","20.6"
"2318",130901,650,"PM2.5-Attributable Respiratory Hospitalizations (Adults 20 Yrs and Older)","Rate- Adults 20 Yrs and Older","UHF42",301,"Washington Heights","2005-2007","20.6"
"2319",130902,650,"PM2.5-Attributable Respiratory Hospitalizations (Adults 20 Yrs and Older)","Rate- Adults 20 Yrs and Older","UHF42",302,"Central Harlem - Morningside Heights","2005-2007","30.6"
"2320",130902,650,"PM2.5-Attributable Respiratory Hospitalizations (Adults 20 Yrs and Older)","Rate- Adults 20 Yrs and Older","UHF42",302,"Central Harlem - Morningside Heights","2005-2007","30.6"
"2321",130903,650,"PM2.5-Attributable Respiratory Hospitalizations (Adults 20 Yrs and Older)","Rate- Adults 20 Yrs and Older","UHF42",303,"East Harlem","2005-2007","44.8"
"2322",130903,650,"PM2.5-Attributable Respiratory Hospitalizations (Adults 20 Yrs and Older)","Rate- Adults 20 Yrs and Older","UHF42",303,"East Harlem","2005-2007","44.8"
"2323",130904,650,"PM2.5-Attributable Respiratory Hospitalizations (Adults 20 Yrs and Older)","Rate- Adults 20 Yrs and Older","UHF42",304,"Upper West Side","2005-2007","15.3"
"2324",130904,650,"PM2.5-Attributable Respiratory Hospitalizations (Adults 20 Yrs and Older)","Rate- Adults 20 Yrs and Older","UHF42",304,"Upper West Side","2005-2007","15.3"
"2325",130905,650,"PM2.5-Attributable Respiratory Hospitalizations (Adults 20 Yrs and Older)","Rate- Adults 20 Yrs and Older","UHF42",305,"Upper East Side","2005-2007","11.1"
"2326",130905,650,"PM2.5-Attributable Respiratory Hospitalizations (Adults 20 Yrs and Older)","Rate- Adults 20 Yrs and Older","UHF42",305,"Upper East Side","2005-2007","11.1"
"2327",130906,650,"PM2.5-Attributable Respiratory Hospitalizations (Adults 20 Yrs and Older)","Rate- Adults 20 Yrs and Older","UHF42",306,"Chelsea - Clinton","2005-2007","13.5"
"2328",130906,650,"PM2.5-Attributable Respiratory Hospitalizations (Adults 20 Yrs and Older)","Rate- Adults 20 Yrs and Older","UHF42",306,"Chelsea - Clinton","2005-2007","13.5"
"2329",130907,650,"PM2.5-Attributable Respiratory Hospitalizations (Adults 20 Yrs and Older)","Rate- Adults 20 Yrs and Older","UHF42",307,"Gramercy Park - Murray Hill","2005-2007","13"
"2330",130907,650,"PM2.5-Attributable Respiratory Hospitalizations (Adults 20 Yrs and Older)","Rate- Adults 20 Yrs and Older","UHF42",307,"Gramercy Park - Murray Hill","2005-2007","13"
"2331",130908,650,"PM2.5-Attributable Respiratory Hospitalizations (Adults 20 Yrs and Older)","Rate- Adults 20 Yrs and Older","UHF42",308,"Greenwich Village - SoHo","2005-2007","5.9"
"2332",130908,650,"PM2.5-Attributable Respiratory Hospitalizations (Adults 20 Yrs and Older)","Rate- Adults 20 Yrs and Older","UHF42",308,"Greenwich Village - SoHo","2005-2007","5.9"
"2333",130909,650,"PM2.5-Attributable Respiratory Hospitalizations (Adults 20 Yrs and Older)","Rate- Adults 20 Yrs and Older","UHF42",309,"Union Square - Lower East Side","2005-2007","22"
"2334",130909,650,"PM2.5-Attributable Respiratory Hospitalizations (Adults 20 Yrs and Older)","Rate- Adults 20 Yrs and Older","UHF42",309,"Union Square - Lower East Side","2005-2007","22"
"2335",130910,650,"PM2.5-Attributable Respiratory Hospitalizations (Adults 20 Yrs and Older)","Rate- Adults 20 Yrs and Older","UHF42",310,"Lower Manhattan","2005-2007","15.6"
"2336",130910,650,"PM2.5-Attributable Respiratory Hospitalizations (Adults 20 Yrs and Older)","Rate- Adults 20 Yrs and Older","UHF42",310,"Lower Manhattan","2005-2007","15.6"
"2401",131525,650,"PM2.5-Attributable Respiratory Hospitalizations (Adults 20 Yrs and Older)","Rate- Adults 20 Yrs and Older","UHF42",301,"Washington Heights","2009-2011","12.5"
"2402",131525,650,"PM2.5-Attributable Respiratory Hospitalizations (Adults 20 Yrs and Older)","Rate- Adults 20 Yrs and Older","UHF42",301,"Washington Heights","2009-2011","12.5"
"2403",131526,650,"PM2.5-Attributable Respiratory Hospitalizations (Adults 20 Yrs and Older)","Rate- Adults 20 Yrs and Older","UHF42",302,"Central Harlem - Morningside Heights","2009-2011","18.8"
"2404",131526,650,"PM2.5-Attributable Respiratory Hospitalizations (Adults 20 Yrs and Older)","Rate- Adults 20 Yrs and Older","UHF42",302,"Central Harlem - Morningside Heights","2009-2011","18.8"
"2405",131527,650,"PM2.5-Attributable Respiratory Hospitalizations (Adults 20 Yrs and Older)","Rate- Adults 20 Yrs and Older","UHF42",303,"East Harlem","2009-2011","29.2"
"2406",131527,650,"PM2.5-Attributable Respiratory Hospitalizations (Adults 20 Yrs and Older)","Rate- Adults 20 Yrs and Older","UHF42",303,"East Harlem","2009-2011","29.2"
"2407",131528,650,"PM2.5-Attributable Respiratory Hospitalizations (Adults 20 Yrs and Older)","Rate- Adults 20 Yrs and Older","UHF42",304,"Upper West Side","2009-2011","11.6"
"2408",131528,650,"PM2.5-Attributable Respiratory Hospitalizations (Adults 20 Yrs and Older)","Rate- Adults 20 Yrs and Older","UHF42",304,"Upper West Side","2009-2011","11.6"
"2409",131529,650,"PM2.5-Attributable Respiratory Hospitalizations (Adults 20 Yrs and Older)","Rate- Adults 20 Yrs and Older","UHF42",305,"Upper East Side","2009-2011","9.2"
"2410",131529,650,"PM2.5-Attributable Respiratory Hospitalizations (Adults 20 Yrs and Older)","Rate- Adults 20 Yrs and Older","UHF42",305,"Upper East Side","2009-2011","9.2"
"2411",131530,650,"PM2.5-Attributable Respiratory Hospitalizations (Adults 20 Yrs and Older)","Rate- Adults 20 Yrs and Older","UHF42",306,"Chelsea - Clinton","2009-2011","9"
"2412",131530,650,"PM2.5-Attributable Respiratory Hospitalizations (Adults 20 Yrs and Older)","Rate- Adults 20 Yrs and Older","UHF42",306,"Chelsea - Clinton","2009-2011","9"
"2413",131531,650,"PM2.5-Attributable Respiratory Hospitalizations (Adults 20 Yrs and Older)","Rate- Adults 20 Yrs and Older","UHF42",307,"Gramercy Park - Murray Hill","2009-2011","8.6"
"2414",131531,650,"PM2.5-Attributable Respiratory Hospitalizations (Adults 20 Yrs and Older)","Rate- Adults 20 Yrs and Older","UHF42",307,"Gramercy Park - Murray Hill","2009-2011","8.6"
"2415",131532,650,"PM2.5-Attributable Respiratory Hospitalizations (Adults 20 Yrs and Older)","Rate- Adults 20 Yrs and Older","UHF42",308,"Greenwich Village - SoHo","2009-2011","5.4"
"2416",131532,650,"PM2.5-Attributable Respiratory Hospitalizations (Adults 20 Yrs and Older)","Rate- Adults 20 Yrs and Older","UHF42",308,"Greenwich Village - SoHo","2009-2011","5.4"
"2417",131533,650,"PM2.5-Attributable Respiratory Hospitalizations (Adults 20 Yrs and Older)","Rate- Adults 20 Yrs and Older","UHF42",309,"Union Square - Lower East Side","2009-2011","15.5"
"2418",131533,650,"PM2.5-Attributable Respiratory Hospitalizations (Adults 20 Yrs and Older)","Rate- Adults 20 Yrs and Older","UHF42",309,"Union Square - Lower East Side","2009-2011","15.5"
"2419",131534,650,"PM2.5-Attributable Respiratory Hospitalizations (Adults 20 Yrs and Older)","Rate- Adults 20 Yrs and Older","UHF42",310,"Lower Manhattan","2009-2011","5.8"
"2420",131534,650,"PM2.5-Attributable Respiratory Hospitalizations (Adults 20 Yrs and Older)","Rate- Adults 20 Yrs and Older","UHF42",310,"Lower Manhattan","2009-2011","5.8"
"2451",151668,643,"Traffic Density- Annual Vehicle Miles Traveled (VMT)","Per 100 km2","Borough",3,"Manhattan","2005","24.9"
"2461",154567,643,"Traffic Density- Annual Vehicle Miles Traveled (VMT)","Per 100 km2","CD",108,"Upper East Side","2005","64"
"2464",154570,643,"Traffic Density- Annual Vehicle Miles Traveled (VMT)","Per 100 km2","CD",111,"East Harlem","2005","59.3"
"2465",154571,643,"Traffic Density- Annual Vehicle Miles Traveled (VMT)","Per 100 km2","CD",112,"Washington Heights"," Inwood","2005"
"2513",151665,643,"Traffic Density- Annual Vehicle Miles Traveled (VMT)","Per 100 km2","Citywide",1,"New York City","2005","24"
"2532",151641,643,"Traffic Density- Annual Vehicle Miles Traveled (VMT)","Per 100 km2","UHF42",301,"Washington Heights","2005","44.4"
"2533",151642,643,"Traffic Density- Annual Vehicle Miles Traveled (VMT)","Per 100 km2","UHF42",302,"Central Harlem - Morningside Heights","2005","36.9"
"2534",151643,643,"Traffic Density- Annual Vehicle Miles Traveled (VMT)","Per 100 km2","UHF42",303,"East Harlem","2005","53.1"
"2535",151644,643,"Traffic Density- Annual Vehicle Miles Traveled (VMT)","Per 100 km2","UHF42",304,"Upper West Side","2005","49.5"
"2536",151645,643,"Traffic Density- Annual Vehicle Miles Traveled (VMT)","Per 100 km2","UHF42",305,"Upper East Side","2005","54.7"
"2537",151646,643,"Traffic Density- Annual Vehicle Miles Traveled (VMT)","Per 100 km2","UHF42",306,"Chelsea - Clinton","2005","46.1"
"2538",151647,643,"Traffic Density- Annual Vehicle Miles Traveled (VMT)","Per 100 km2","UHF42",307,"Gramercy Park - Murray Hill","2005","78.6"
"2539",151648,643,"Traffic Density- Annual Vehicle Miles Traveled (VMT)","Per 100 km2","UHF42",308,"Greenwich Village - SoHo","2005","47.5"
"2540",151649,643,"Traffic Density- Annual Vehicle Miles Traveled (VMT)","Per 100 km2","UHF42",309,"Union Square - Lower East Side","2005","52.9"
"2541",151650,643,"Traffic Density- Annual Vehicle Miles Traveled (VMT)","Per 100 km2","UHF42",310,"Lower Manhattan","2005","39.8"
"2558",151716,644,"Traffic Density- Annual Vehicle Miles Traveled (VMT) for Cars","Per 100 km2","Borough",3,"Manhattan","2005","23.5"
"2568",154508,644,"Traffic Density- Annual Vehicle Miles Traveled (VMT) for Cars","Per 100 km2","CD",108,"Upper East Side","2005","59.8"
"2571",154511,644,"Traffic Density- Annual Vehicle Miles Traveled (VMT) for Cars","Per 100 km2","CD",111,"East Harlem","2005","56.8"
"2572",154512,644,"Traffic Density- Annual Vehicle Miles Traveled (VMT) for Cars","Per 100 km2","CD",112,"Washington Heights"," Inwood","2005"
"2620",151713,644,"Traffic Density- Annual Vehicle Miles Traveled (VMT) for Cars","Per 100 km2","Citywide",1,"New York City","2005","22.6"
"2639",151689,644,"Traffic Density- Annual Vehicle Miles Traveled (VMT) for Cars","Per 100 km2","UHF42",301,"Washington Heights","2005","42.6"
"2640",151690,644,"Traffic Density- Annual Vehicle Miles Traveled (VMT) for Cars","Per 100 km2","UHF42",302,"Central Harlem - Morningside Heights","2005","35.7"
"2641",151691,644,"Traffic Density- Annual Vehicle Miles Traveled (VMT) for Cars","Per 100 km2","UHF42",303,"East Harlem","2005","50.6"
"2642",151692,644,"Traffic Density- Annual Vehicle Miles Traveled (VMT) for Cars","Per 100 km2","UHF42",304,"Upper West Side","2005","47.2"
"2643",151693,644,"Traffic Density- Annual Vehicle Miles Traveled (VMT) for Cars","Per 100 km2","UHF42",305,"Upper East Side","2005","51.2"
"2644",151694,644,"Traffic Density- Annual Vehicle Miles Traveled (VMT) for Cars","Per 100 km2","UHF42",306,"Chelsea - Clinton","2005","42"
"2645",151695,644,"Traffic Density- Annual Vehicle Miles Traveled (VMT) for Cars","Per 100 km2","UHF42",307,"Gramercy Park - Murray Hill","2005","72.8"
"2646",151696,644,"Traffic Density- Annual Vehicle Miles Traveled (VMT) for Cars","Per 100 km2","UHF42",308,"Greenwich Village - SoHo","2005","43.5"
"2647",151697,644,"Traffic Density- Annual Vehicle Miles Traveled (VMT) for Cars","Per 100 km2","UHF42",309,"Union Square - Lower East Side","2005","49.3"
"2648",151698,644,"Traffic Density- Annual Vehicle Miles Traveled (VMT) for Cars","Per 100 km2","UHF42",310,"Lower Manhattan","2005","37.6"
"2665",151764,645,"Traffic Density- Annual Vehicle Miles Traveled (VMT) for Trucks","Per 100 km2","Borough",3,"Manhattan","2005","1.2"
"2675",154449,645,"Traffic Density- Annual Vehicle Miles Traveled (VMT) for Trucks","Per 100 km2","CD",108,"Upper East Side","2005","3.5"
"2678",154452,645,"Traffic Density- Annual Vehicle Miles Traveled (VMT) for Trucks","Per 100 km2","CD",111,"East Harlem","2005","2.1"
"2679",154453,645,"Traffic Density- Annual Vehicle Miles Traveled (VMT) for Trucks","Per 100 km2","CD",112,"Washington Heights"," Inwood","2005"
"2727",151761,645,"Traffic Density- Annual Vehicle Miles Traveled (VMT) for Trucks","Per 100 km2","Citywide",1,"New York City","2005","1.3"
"2746",151737,645,"Traffic Density- Annual Vehicle Miles Traveled (VMT) for Trucks","Per 100 km2","UHF42",301,"Washington Heights","2005","1.6"
"2747",151738,645,"Traffic Density- Annual Vehicle Miles Traveled (VMT) for Trucks","Per 100 km2","UHF42",302,"Central Harlem - Morningside Heights","2005","0.9"
"2748",151739,645,"Traffic Density- Annual Vehicle Miles Traveled (VMT) for Trucks","Per 100 km2","UHF42",303,"East Harlem","2005","2.1"
"2749",151740,645,"Traffic Density- Annual Vehicle Miles Traveled (VMT) for Trucks","Per 100 km2","UHF42",304,"Upper West Side","2005","1.9"
"2750",151741,645,"Traffic Density- Annual Vehicle Miles Traveled (VMT) for Trucks","Per 100 km2","UHF42",305,"Upper East Side","2005","2.9"
"2751",151742,645,"Traffic Density- Annual Vehicle Miles Traveled (VMT) for Trucks","Per 100 km2","UHF42",306,"Chelsea - Clinton","2005","3.4"
"2752",151743,645,"Traffic Density- Annual Vehicle Miles Traveled (VMT) for Trucks","Per 100 km2","UHF42",307,"Gramercy Park - Murray Hill","2005","4.4"
"2753",151744,645,"Traffic Density- Annual Vehicle Miles Traveled (VMT) for Trucks","Per 100 km2","UHF42",308,"Greenwich Village - SoHo","2005","3.8"
"2754",151745,645,"Traffic Density- Annual Vehicle Miles Traveled (VMT) for Trucks","Per 100 km2","UHF42",309,"Union Square - Lower East Side","2005","3.2"
"2755",151746,645,"Traffic Density- Annual Vehicle Miles Traveled (VMT) for Trucks","Per 100 km2","UHF42",310,"Lower Manhattan","2005","1.6"
